-- phpMyAdmin SQL Dump
-- version 5.2.2
-- https://www.phpmyadmin.net/
--
-- Host: localhost:3306
-- Generation Time: Mar 20, 2025 at 07:29 AM
-- Server version: 8.0.30
-- PHP Version: 8.2.28

SET SQL_MODE = "NO_AUTO_VALUE_ON_ZERO";
START TRANSACTION;
SET time_zone = "+00:00";


/*!40101 SET @OLD_CHARACTER_SET_CLIENT=@@CHARACTER_SET_CLIENT */;
/*!40101 SET @OLD_CHARACTER_SET_RESULTS=@@CHARACTER_SET_RESULTS */;
/*!40101 SET @OLD_COLLATION_CONNECTION=@@COLLATION_CONNECTION */;
/*!40101 SET NAMES utf8mb4 */;

--
-- Database: `sslsirlics_db`
--

-- --------------------------------------------------------

--
-- Table structure for table `barangay`
--

CREATE TABLE `barangay` (
  `barangay_code` varchar(10) NOT NULL,
  `barangay_name` varchar(100) NOT NULL,
  `municipality_code` varchar(6) DEFAULT NULL
) ENGINE=InnoDB DEFAULT CHARSET=utf8mb4 COLLATE=utf8mb4_0900_ai_ci;

--
-- Dumping data for table `barangay`
--

INSERT INTO `barangay` (`barangay_code`, `barangay_name`, `municipality_code`) VALUES
('130101001', 'ABILAN', '130101'),
('130101002', 'AGONG-ONG', '130101'),
('130101003', 'ALUBIJID', '130101'),
('130101004', 'GUINABSAN', '130101'),
('130101005', 'LOWER OLAVE', '130101'),
('130101006', 'MACALANG', '130101'),
('130101007', 'MALAPONG', '130101'),
('130101008', 'MALPOC', '130101'),
('130101009', 'MANAPA', '130101'),
('130101010', 'MATABAO', '130101'),
('130101011', 'POBLACION 1', '130101'),
('130101012', 'POBLACION 2', '130101'),
('130101013', 'POBLACION 3', '130101'),
('130101014', 'POBLACION 4', '130101'),
('130101015', 'POBLACION 5', '130101'),
('130101016', 'POBLACION 6', '130101'),
('130101017', 'POBLACION 7', '130101'),
('130101018', 'POBLACION 8', '130101'),
('130101019', 'POBLACION 9', '130101'),
('130101020', 'POBLACION 10', '130101'),
('130101021', 'RIZAL', '130101'),
('130101022', 'SACOL', '130101'),
('130101023', 'SANGAY', '130101'),
('130101024', 'SIMBALAN', '130101'),
('130101025', 'TALO-AO', '130101'),
('130102001', 'AGAO POB. (BGY. 3)', '130102'),
('130102002', 'AGUSAN PEQUEÑO', '130102'),
('130102003', 'AMBAGO', '130102'),
('130102004', 'AMPARO', '130102'),
('130102005', 'AMPAYON', '130102'),
('130102006', 'ANTICALA', '130102'),
('130102007', 'ANTONGALON', '130102'),
('130102008', 'AUPAGAN', '130102'),
('130102009', 'BAAN KM 3', '130102'),
('130102010', 'BAAN RIVERSIDE POB. (BGY. 20)', '130102'),
('130102011', 'BABAG', '130102'),
('130102012', 'BADING POB. (BGY. 22)', '130102'),
('130102013', 'BANCASI', '130102'),
('130102014', 'BANZA', '130102'),
('130102015', 'BAOBAOAN', '130102'),
('130102016', 'BASAG', '130102'),
('130102017', 'BAYANIHAN POB. (BGY. 27)', '130102'),
('130102018', 'BILAY', '130102'),
('130102019', 'BIT-OS', '130102'),
('130102020', 'BITAN-AGAN', '130102'),
('130102021', 'BOBON', '130102'),
('130102022', 'BONBON', '130102'),
('130102023', 'BUGABUS', '130102'),
('130102024', 'BUGSUKAN', '130102'),
('130102025', 'BUHANGIN POB. (BGY. 19)', '130102'),
('130102026', 'CABCABON', '130102'),
('130102027', 'CAMAYAHAN', '130102'),
('130102028', 'DAGOHOY POB. (BGY. 7)', '130102'),
('130102029', 'DANKIAS', '130102'),
('130102030', 'DE ORO', '130102'),
('130102031', 'DIEGO SILANG POB. (BGY. 6)', '130102'),
('130102032', 'DON FRANCISCO', '130102'),
('130102033', 'DOONGAN', '130102'),
('130102034', 'DULAG', '130102'),
('130102035', 'DUMALAGAN', '130102'),
('130102036', 'FLORIDA', '130102'),
('130102037', 'GOLDEN RIBBON POB. (BGY. 2)', '130102'),
('130102038', 'HOLY REDEEMER POB. (BGY. 23)', '130102'),
('130102039', 'HUMABON POB. (BGY. 11)', '130102'),
('130102040', 'IMADEJAS POB. (BGY. 24)', '130102'),
('130102041', 'JOSE RIZAL POB. (BGY. 25)', '130102'),
('130102042', 'KINAMLUTAN', '130102'),
('130102043', 'LAPU-LAPU POB. (BGY. 8)', '130102'),
('130102044', 'LEMON', '130102'),
('130102045', 'LEON KILAT POB. (BGY. 13)', '130102'),
('130102046', 'LIBERTAD', '130102'),
('130102047', 'LIMAHA POB. (BGY. 14)', '130102'),
('130102048', 'LOS ANGELES', '130102'),
('130102049', 'LUMBOCAN', '130102'),
('130102050', 'MAGUINDA', '130102'),
('130102051', 'MAHAY', '130102'),
('130102052', 'MAHOGANY POB. (BGY. 21)', '130102'),
('130102053', 'MAIBU', '130102'),
('130102054', 'MANDAMO', '130102'),
('130102055', 'MANILA DE BUGABUS', '130102'),
('130102056', 'MAON POB. (BGY. 1)', '130102'),
('130102057', 'MASAO', '130102'),
('130102058', 'MAUG', '130102'),
('130102059', 'NEW SOCIETY VILLAGE POB. (BGY. 26)', '130102'),
('130102060', 'NONG-NONG', '130102'),
('130102061', 'OBRERO POB. (BGY. 18)', '130102'),
('130102062', 'ONG YIU POB. (BGY. 16)', '130102'),
('130102063', 'PAGATPATAN', '130102'),
('130102064', 'PANGABUGAN', '130102'),
('130102065', 'PIANING', '130102'),
('130102066', 'PIGDAULAN', '130102'),
('130102067', 'PINAMANCULAN', '130102'),
('130102068', 'PORT POYOHON POB. (BGY. 17 - NEW ASIA)', '130102'),
('130102069', 'RAJAH SOLIMAN POB. (BGY. 4)', '130102'),
('130102070', 'SALVACION', '130102'),
('130102071', 'SAN IGNACIO POB. (BGY. 15)', '130102'),
('130102072', 'SAN MATEO', '130102'),
('130102073', 'SAN VICENTE', '130102'),
('130102074', 'SANTO NIÑO', '130102'),
('130102075', 'SIKATUNA POB. (BGY. 10)', '130102'),
('130102076', 'SILONGAN POB. (BGY. 5)', '130102'),
('130102077', 'SUMILE', '130102'),
('130102078', 'SUMILIHON', '130102'),
('130102079', 'TAGABACA', '130102'),
('130102080', 'TAGUIBO', '130102'),
('130102081', 'TALIGAMAN', '130102'),
('130102082', 'TANDANG SORA POB. (BGY. 12)', '130102'),
('130102083', 'TINIWISAN', '130102'),
('130102084', 'TUNGAO', '130102'),
('130102085', 'URDUJA POB. (BGY. 9)', '130102'),
('130102086', 'VILLA KANANGA', '130102'),
('130103001', 'ANTONIO LUNA', '130103'),
('130103002', 'BAY-ANG', '130103'),
('130103003', 'BAYABAS', '130103'),
('130103004', 'CAASINAN', '130103'),
('130103005', 'CABINET', '130103'),
('130103006', 'CALAMBA', '130103'),
('130103007', 'CALIBUNAN', '130103'),
('130103008', 'COMAGASCAS', '130103'),
('130103009', 'CONCEPCION', '130103'),
('130103010', 'DEL PILAR', '130103'),
('130103011', 'KATUGASAN', '130103'),
('130103012', 'KAUSWAGAN', '130103'),
('130103013', 'LA UNION', '130103'),
('130103014', 'MABINI', '130103'),
('130103015', 'MAHABA', '130103'),
('130103016', 'POBLACION 1', '130103'),
('130103017', 'POBLACION 2', '130103'),
('130103018', 'POBLACION 3', '130103'),
('130103019', 'POBLACION 4', '130103'),
('130103020', 'POBLACION 5', '130103'),
('130103021', 'POBLACION 6', '130103'),
('130103022', 'POBLACION 7', '130103'),
('130103023', 'POBLACION 8', '130103'),
('130103024', 'POBLACION 9', '130103'),
('130103025', 'POBLACION 10', '130103'),
('130103026', 'POBLACION 11', '130103'),
('130103027', 'POBLACION 12', '130103'),
('130103028', 'PUTING BATO', '130103'),
('130103029', 'SANGHAN', '130103'),
('130103030', 'SORIANO', '130103'),
('130103031', 'TOLOSA', '130103'),
('130104001', 'CAHAYAGAN', '130104'),
('130104002', 'GOSOON', '130104'),
('130104003', 'MANOLIGAO', '130104'),
('130104004', 'POBLACION (CARMEN)', '130104'),
('130104005', 'ROJALES', '130104'),
('130104006', 'SAN AGUSTIN', '130104'),
('130104007', 'TAGCATONG', '130104'),
('130104008', 'VINAPOR', '130104'),
('130105001', 'A. BELTRAN (CAMALIG)', '130105'),
('130105002', 'BALEGUIAN', '130105'),
('130105003', 'BANGONAY', '130105'),
('130105004', 'BUNGA', '130105'),
('130105005', 'COLORADO', '130105'),
('130105006', 'CUYAGO', '130105'),
('130105007', 'LIBAS', '130105'),
('130105008', 'MAGDAGOOC', '130105'),
('130105009', 'MAGSAYSAY', '130105'),
('130105010', 'MARAIGING', '130105'),
('130105011', 'POBLACION (JABONGA)', '130105'),
('130105012', 'SAN JOSE', '130105'),
('130105013', 'SAN PABLO', '130105'),
('130105014', 'SAN VICENTE', '130105'),
('130105015', 'SANTO NIÑO', '130105'),
('130106001', 'BANGAYAN', '130106'),
('130106002', 'CANAWAY', '130106'),
('130106003', 'CROSSING', '130106'),
('130106004', 'HINIMBANGAN', '130106'),
('130106005', 'JALIOBONG', '130106'),
('130106006', 'MAHAYAHAY', '130106'),
('130106007', 'POBLACION', '130106'),
('130106008', 'SAN ISIDRO', '130106'),
('130106009', 'SAN ROQUE', '130106'),
('130106010', 'SANGAY', '130106'),
('130106011', 'SONGKOY', '130106'),
('130107001', 'AMBACON', '130107'),
('130107002', 'BALUNGAGAN', '130107'),
('130107003', 'BONIFACIO', '130107'),
('130107004', 'CASIKLAN', '130107'),
('130107005', 'CONSORCIA', '130107'),
('130107006', 'DURIAN', '130107'),
('130107007', 'EDUARDO G. MONTILLA (CAMBOAYON)', '130107'),
('130107008', 'IBUAN', '130107'),
('130107009', 'KATIPUNAN', '130107'),
('130107010', 'LINGAYAO', '130107'),
('130107011', 'MALICATO', '130107'),
('130107012', 'MANINGALAO', '130107'),
('130107013', 'MARCOS CALO', '130107'),
('130107014', 'MAT-I', '130107'),
('130107015', 'PINANA-AN', '130107'),
('130107016', 'POBLACION', '130107'),
('130107017', 'ROSARIO', '130107'),
('130107018', 'SAN ISIDRO', '130107'),
('130107019', 'SAN ROQUE', '130107'),
('130107020', 'TINUCORAN', '130107'),
('130108001', 'BUHANG', '130108'),
('130108002', 'CALOC-AN', '130108'),
('130108003', 'GUIASAN', '130108'),
('130108004', 'MARCOS', '130108'),
('130108005', 'POBLACION', '130108'),
('130108006', 'SANTO NIÑO', '130108'),
('130108007', 'SANTO ROSARIO', '130108'),
('130108008', 'TAOD-OY', '130108'),
('130109001', 'ACLAN', '130109'),
('130109002', 'AMONTAY', '130109'),
('130109003', 'ATA-ATAHON', '130109'),
('130109004', 'BARANGAY 1 (POB.)', '130109'),
('130109005', 'BARANGAY 2 (POB.)', '130109'),
('130109006', 'BARANGAY 3 (POB.)', '130109'),
('130109007', 'BARANGAY 4 (POB.)', '130109'),
('130109008', 'BARANGAY 5 (POB.)', '130109'),
('130109009', 'BARANGAY 6 (POB.)', '130109'),
('130109010', 'BARANGAY 7 (POB.)', '130109'),
('130109011', 'CAMAGONG', '130109'),
('130109012', 'CUBI-CUBI', '130109'),
('130109013', 'CULIT', '130109'),
('130109014', 'JAGUIMITAN', '130109'),
('130109015', 'KINABJANGAN', '130109'),
('130109016', 'PUNTA', '130109'),
('130109017', 'SANTA ANA', '130109'),
('130109018', 'TALISAY', '130109'),
('130109019', 'TRIANGULO', '130109'),
('130110001', 'BALANGBALANG', '130110'),
('130110002', 'BASILISA', '130110'),
('130110003', 'HUMILOG', '130110'),
('130110004', 'PANAYTAYON', '130110'),
('130110005', 'POBLACION I (AGAY)', '130110'),
('130110006', 'POBLACION II', '130110'),
('130110007', 'SAN ANTONIO', '130110'),
('130110008', 'TAGBONGABONG', '130110'),
('130111001', 'CURVA', '130111'),
('130111002', 'ESTANISLAO MORGADO', '130111'),
('130111003', 'JAGUPIT', '130111'),
('130111004', 'LA PAZ', '130111'),
('130111005', 'PANGAYLAN-IP', '130111'),
('130111006', 'POBLACION I', '130111'),
('130111007', 'POBLACION II', '130111'),
('130111008', 'SAN ISIDRO', '130111'),
('130111009', 'TAGBUYACAN', '130111'),
('130112001', 'BINUANGAN', '130112'),
('130112002', 'CABAYAWA', '130112'),
('130112003', 'DOÑA ROSARIO', '130112'),
('130112004', 'DOÑA TELESFORA', '130112'),
('130112005', 'LA FRATERNIDAD', '130112'),
('130112006', 'LAWIGAN', '130112'),
('130112007', 'POBLACION 1', '130112'),
('130112008', 'POBLACION 2', '130112'),
('130112009', 'SANTA ANA', '130112'),
('130112010', 'TAGMAMARKAY', '130112'),
('130112011', 'TAGPANGAHOY', '130112'),
('130112012', 'TINIGBASAN', '130112'),
('130112013', 'VICTORY', '130112'),
('130201001', 'BERSEBA', '130201'),
('130201002', 'BUCAC', '130201'),
('130201003', 'CAGBAS', '130201'),
('130201004', 'CALAITAN', '130201'),
('130201005', 'CANAYUGAN', '130201'),
('130201006', 'CHARITO', '130201'),
('130201007', 'CLARO CORTEZ', '130201'),
('130201008', 'FILI', '130201'),
('130201009', 'GAMAO', '130201'),
('130201010', 'GETSEMANE', '130201'),
('130201011', 'GRACE ESTATE', '130201'),
('130201012', 'HAMOGAWAY', '130201'),
('130201013', 'KATIPUNAN', '130201'),
('130201014', 'MABUHAY', '130201'),
('130201015', 'MAGKIANGKANG', '130201'),
('130201016', 'MAHAYAG', '130201'),
('130201017', 'MARCELINA', '130201'),
('130201018', 'MAYGATASAN', '130201'),
('130201019', 'MONTIVESTA', '130201'),
('130201020', 'MT. ARARAT', '130201'),
('130201021', 'MT. CARMEL', '130201'),
('130201022', 'MT. OLIVE', '130201'),
('130201023', 'NEW SALEM', '130201'),
('130201024', 'NOLI', '130201'),
('130201025', 'OSMEÑA', '130201'),
('130201026', 'PANAYTAY', '130201'),
('130201027', 'PINAGALAAN', '130201'),
('130201028', 'POBLACION', '130201'),
('130201029', 'SAGMONE', '130201'),
('130201030', 'SAGUMA', '130201'),
('130201031', 'SALVACION', '130201'),
('130201032', 'SAN AGUSTIN', '130201'),
('130201033', 'SAN ISIDRO', '130201'),
('130201034', 'SAN JUAN', '130201'),
('130201035', 'SANTA IRENE', '130201'),
('130201036', 'SANTA TERESITA', '130201'),
('130201037', 'SANTO NIÑO', '130201'),
('130201038', 'TAGLATAWAN', '130201'),
('130201039', 'TAGLIBAS', '130201'),
('130201040', 'TAGUBAY', '130201'),
('130201041', 'VERDU', '130201'),
('130201042', 'VILLA UNDAYON', '130201'),
('130201043', 'WAWA', '130201'),
('130202001', 'BUNAWAN BROOK', '130202'),
('130202002', 'CONSUELO', '130202'),
('130202003', 'IMELDA', '130202'),
('130202004', 'LIBERTAD', '130202'),
('130202005', 'MAMBALILI', '130202'),
('130202006', 'NUEVA ERA', '130202'),
('130202007', 'POBLACION', '130202'),
('130202008', 'SAN ANDRES', '130202'),
('130202009', 'SAN MARCOS', '130202'),
('130202010', 'SAN TEODORO', '130202'),
('130203001', 'AGSABU', '130203'),
('130203002', 'AGUINALDO', '130203'),
('130203003', 'ANOLINGAN', '130203'),
('130203004', 'BAKINGKING', '130203'),
('130203005', 'BALUBO', '130203'),
('130203006', 'BENTAHON', '130203'),
('130203007', 'BUNAGUIT', '130203'),
('130203008', 'CATMONON', '130203'),
('130203009', 'CEBULAN', '130203'),
('130203010', 'CONCORDIA', '130203'),
('130203011', 'CROSSING LUNA', '130203'),
('130203012', 'CUBO', '130203'),
('130203013', 'DAKUTAN', '130203'),
('130203014', 'DUANGAN', '130203'),
('130203015', 'GUADALUPE', '130203'),
('130203016', 'GUIBONON', '130203'),
('130203017', 'HAWILIAN', '130203'),
('130203018', 'KALABUAN', '130203'),
('130203019', 'KINAMAYBAY', '130203'),
('130203020', 'LABAO', '130203'),
('130203021', 'LANGAG', '130203'),
('130203022', 'MAASIN', '130203'),
('130203023', 'MAC-ARTHUR', '130203'),
('130203024', 'MAHAGCOT', '130203'),
('130203025', 'MALIWANAG', '130203'),
('130203026', 'MILAGROS', '130203'),
('130203027', 'NATO', '130203'),
('130203028', 'NEW GINGOOG', '130203'),
('130203029', 'ODIONG', '130203'),
('130203030', 'ORO', '130203'),
('130203031', 'PIGLAWIGAN', '130203'),
('130203032', 'POBLACION', '130203'),
('130203033', 'REMEDIOS', '130203'),
('130203034', 'SALUG', '130203'),
('130203035', 'SAN ISIDRO', '130203'),
('130203036', 'SAN JOSE', '130203'),
('130203037', 'SAN TORIBIO', '130203'),
('130203038', 'SAN VICENTE', '130203'),
('130203039', 'SANTA FE', '130203'),
('130203040', 'SEGUNDA', '130203'),
('130203041', 'SINAKUNGAN', '130203'),
('130203042', 'TAGABASE', '130203'),
('130203043', 'TAGANAHAW', '130203'),
('130203044', 'TAGBALILI', '130203'),
('130203045', 'TAHINA', '130203'),
('130203046', 'TANDANG SORA', '130203'),
('130203047', 'VALENTINA', '130203'),
('130204001', 'ANGELES', '130204'),
('130204002', 'BATAAN', '130204'),
('130204003', 'COMOTA', '130204'),
('130204004', 'HALAPITAN', '130204'),
('130204005', 'KASAPA II', '130204'),
('130204006', 'LANGASIAN', '130204'),
('130204007', 'LYDIA', '130204'),
('130204008', 'OSMEÑA, SR.', '130204'),
('130204009', 'PANAGANGAN', '130204'),
('130204010', 'POBLACION', '130204'),
('130204011', 'SABANG ADGAWAN', '130204'),
('130204012', 'SAGUNTO', '130204'),
('130204013', 'SAN PATRICIO', '130204'),
('130204014', 'VALENTINA', '130204'),
('130204015', 'VILLA PAZ', '130204'),
('130205001', 'BINUCAYAN', '130205'),
('130205002', 'JOHNSON', '130205'),
('130205003', 'KASAPA', '130205'),
('130205004', 'KATIPUNAN', '130205'),
('130205005', 'KAUSWAGAN', '130205'),
('130205006', 'MAGAUD', '130205'),
('130205007', 'NUEVA GRACIA', '130205'),
('130205008', 'POBLACION', '130205'),
('130205009', 'SABUD', '130205'),
('130205010', 'SAN ISIDRO', '130205'),
('130205011', 'SAN MARIANO', '130205'),
('130205012', 'SAN VICENTE', '130205'),
('130205013', 'SANTA TERESA', '130205'),
('130205014', 'SANTO NIÑO', '130205'),
('130205015', 'SANTO TOMAS', '130205'),
('130205016', 'VIOLANTA', '130205'),
('130205017', 'WALOE', '130205'),
('130206001', 'AURORA', '130206'),
('130206002', 'AWA', '130206'),
('130206003', 'AZPETIA', '130206'),
('130206004', 'LA CARIDAD', '130206'),
('130206005', 'LA PERIAN', '130206'),
('130206006', 'LA PURISIMA', '130206'),
('130206007', 'LA SUERTE', '130206'),
('130206008', 'LA UNION', '130206'),
('130206009', 'LAS NAVAS', '130206'),
('130206010', 'LIBERTAD', '130206'),
('130206011', 'LOS ARCOS', '130206'),
('130206012', 'LUCENA', '130206'),
('130206013', 'MABUHAY', '130206'),
('130206014', 'MAGSAYSAY', '130206'),
('130206015', 'MAPAGA', '130206'),
('130206016', 'NAPO', '130206'),
('130206017', 'NEW MAUG', '130206'),
('130206018', 'PATIN-AY', '130206'),
('130206019', 'POBLACION (BAHBAH)', '130206'),
('130206020', 'SALIMBOGAON', '130206'),
('130206021', 'SALVACION', '130206'),
('130206022', 'SAN JOAQUIN', '130206'),
('130206023', 'SAN JOSE', '130206'),
('130206024', 'SAN LORENZO', '130206'),
('130206025', 'SAN MARTIN', '130206'),
('130206026', 'SAN PEDRO', '130206'),
('130206027', 'SAN RAFAEL', '130206'),
('130206028', 'SAN ROQUE', '130206'),
('130206029', 'SAN SALVADOR', '130206'),
('130206030', 'SAN VICENTE', '130206'),
('130206031', 'SANTA IRENE', '130206'),
('130206032', 'SANTA MARIA', '130206'),
('130207001', 'BAYUGAN 3', '130207'),
('130207002', 'CABANTAO', '130207'),
('130207003', 'CABAWAN', '130207'),
('130207004', 'LIBUAC', '130207'),
('130207005', 'MALIGAYA', '130207'),
('130207006', 'MARFIL', '130207'),
('130207007', 'NOVELE', '130207'),
('130207008', 'POBLACION', '130207'),
('130207009', 'SANTA CRUZ', '130207'),
('130207010', 'TAGBAYAGAN', '130207'),
('130207011', 'WASI-AN', '130207'),
('130208001', 'ALEGRIA', '130208'),
('130208002', 'BARANGAY 1 (POB.)', '130208'),
('130208003', 'BARANGAY 2 (POB.)', '130208'),
('130208004', 'BARANGAY 3 (POB.)', '130208'),
('130208005', 'BARANGAY 4 (POB.)', '130208'),
('130208006', 'BARANGAY 5 (POB.)', '130208'),
('130208007', 'BAYUGAN 2', '130208'),
('130208008', 'BITAN-AGAN', '130208'),
('130208009', 'BORBON', '130208'),
('130208010', 'BUENASUERTE', '130208'),
('130208011', 'CAIMPUGAN', '130208'),
('130208012', 'DAS-AGAN', '130208'),
('130208013', 'EBRO', '130208'),
('130208014', 'HUBANG', '130208'),
('130208015', 'KARAUS', '130208'),
('130208016', 'LADGADAN', '130208'),
('130208017', 'LAPINIGAN', '130208'),
('130208018', 'LUCAC', '130208'),
('130208019', 'MATE', '130208'),
('130208020', 'NEW VISAYAS', '130208'),
('130208021', 'ORMACA', '130208'),
('130208022', 'PASTA', '130208'),
('130208023', 'PISA-AN', '130208'),
('130208024', 'RIZAL', '130208'),
('130208025', 'SAN ISIDRO', '130208'),
('130208026', 'SANTA ANA', '130208'),
('130208027', 'TAGAPUA', '130208'),
('130209001', 'ANISLAGAN', '130209'),
('130209002', 'BALIT', '130209'),
('130209003', 'BAYLO', '130209'),
('130209004', 'BINICALAN', '130209'),
('130209005', 'CECILIA', '130209'),
('130209006', 'COALICION', '130209'),
('130209007', 'CULI', '130209'),
('130209008', 'DIMASALANG', '130209'),
('130209009', 'DON ALEJANDRO', '130209'),
('130209010', 'DON PEDRO', '130209'),
('130209011', 'DOÑA FLAVIA', '130209'),
('130209012', 'DOÑA MAXIMA', '130209'),
('130209013', 'MAHAGSAY', '130209'),
('130209014', 'MAHAPAG', '130209'),
('130209015', 'MAHAYAHAY', '130209'),
('130209016', 'MURITULA', '130209'),
('130209017', 'NUEVO TRABAJO', '130209'),
('130209018', 'POBLACION', '130209'),
('130209019', 'POLICARPO', '130209'),
('130209020', 'SAN ISIDRO', '130209'),
('130209021', 'SAN PEDRO', '130209'),
('130209022', 'SANTA INES', '130209'),
('130209023', 'SANTA RITA', '130209'),
('130209024', 'SANTIAGO', '130209'),
('130209025', 'WEGGUAM', '130209'),
('130210001', 'ANGAS', '130210'),
('130210002', 'AURORA', '130210'),
('130210003', 'AWAO', '130210'),
('130210004', 'CONCEPCION', '130210'),
('130210005', 'PAG-ASA', '130210'),
('130210006', 'PATROCINIO', '130210'),
('130210007', 'POBLACION', '130210'),
('130210008', 'SAN JOSE', '130210'),
('130210009', 'SANTA ISABEL', '130210'),
('130210010', 'SAYON', '130210'),
('130210011', 'TAPAZ', '130210'),
('130211001', 'AFGA', '130211'),
('130211002', 'ANAHAWAN', '130211'),
('130211003', 'BANAGBANAG', '130211'),
('130211004', 'DEL ROSARIO', '130211'),
('130211005', 'EL RIO', '130211'),
('130211006', 'ILIHAN', '130211'),
('130211007', 'KAUSWAGAN', '130211'),
('130211008', 'KIOYA', '130211'),
('130211009', 'KOLAMBUGAN', '130211'),
('130211010', 'MAGKALAPE', '130211'),
('130211011', 'MAGSAYSAY', '130211'),
('130211012', 'MAHAYAHAY', '130211'),
('130211013', 'NEW TUBIGON', '130211'),
('130211014', 'PADIAY', '130211'),
('130211015', 'PEREZ', '130211'),
('130211016', 'POBLACION', '130211'),
('130211017', 'SAN ISIDRO', '130211'),
('130211018', 'SAN VICENTE', '130211'),
('130211019', 'SANTA CRUZ', '130211'),
('130211020', 'SANTA MARIA', '130211'),
('130211021', 'SINAI', '130211'),
('130211022', 'TABON-TABON', '130211'),
('130211023', 'TAG-UYANGO', '130211'),
('130211024', 'VILLANGIT', '130211'),
('130212001', 'BATUCAN', '130212'),
('130212002', 'BUENAGRACIA', '130212'),
('130212003', 'CAUSWAGAN', '130212'),
('130212004', 'CULI', '130212'),
('130212005', 'DEL MONTE', '130212'),
('130212006', 'DESAMPARADOS', '130212'),
('130212007', 'LA FLORA', '130212'),
('130212008', 'LABNIG', '130212'),
('130212009', 'MAHARLIKA', '130212'),
('130212010', 'MARBON', '130212'),
('130212011', 'SABANG GIBUNG', '130212'),
('130212012', 'SAN AGUSTIN (POB.)', '130212'),
('130212013', 'SAN ISIDRO (POB.)', '130212'),
('130212014', 'SAN NICOLAS (POB.)', '130212'),
('130212015', 'ZAMORA', '130212'),
('130212016', 'ZILLOVIA', '130212'),
('130213001', 'BASA', '130213'),
('130213002', 'CEBOLIN', '130213'),
('130213003', 'CUEVAS', '130213'),
('130213004', 'KAPATUNGAN', '130213'),
('130213005', 'LANGKILA-AN', '130213'),
('130213006', 'MANAT', '130213'),
('130213007', 'NEW VISAYAS', '130213'),
('130213008', 'PANGYAN', '130213'),
('130213009', 'POBLACION', '130213'),
('130213010', 'PULANG-LUPA', '130213'),
('130213011', 'SALVACION', '130213'),
('130213012', 'SAN IGNACIO', '130213'),
('130213013', 'SAN ISIDRO', '130213'),
('130213014', 'SAN ROQUE', '130213'),
('130213015', 'SANTA MARIA', '130213'),
('130213016', 'TUDELA', '130213'),
('130214001', 'ANITAP', '130214'),
('130214002', 'BACAY II', '130214'),
('130214003', 'BINONGAN', '130214'),
('130214004', 'CAIGANGAN', '130214'),
('130214005', 'CANDIIS', '130214'),
('130214006', 'DEL MONTE', '130214'),
('130214007', 'DON MATEO', '130214'),
('130214008', 'KATIPUNAN', '130214'),
('130214009', 'LA FORTUNA', '130214'),
('130214010', 'LIMOT', '130214'),
('130214011', 'MAGSAYSAY', '130214'),
('130214012', 'MASAYAN', '130214'),
('130214013', 'POBLACION', '130214'),
('130214014', 'SAMPAGUITA', '130214'),
('130214015', 'SAN GABRIEL', '130214'),
('130214016', 'SANTA CRUZ', '130214'),
('130214017', 'SANTA EMELIA', '130214'),
('130214018', 'SAWAGAN', '130214'),
('130214019', 'SINOBONG', '130214'),
('130214020', 'SISIMON', '130214'),
('130301001', 'BENGLEN', '130301'),
('130301002', 'CATADMAN', '130301'),
('130301003', 'COLUMBUS', '130301'),
('130301004', 'CORING', '130301'),
('130301005', 'CORTES', '130301'),
('130301006', 'DIEGAS', '130301'),
('130301007', 'DOÑA HELENE', '130301'),
('130301008', 'EDERA', '130301'),
('130301009', 'FERDINAND', '130301'),
('130301010', 'GEOTINA', '130301'),
('130301011', 'IMEE (BACTASAN)', '130301'),
('130301012', 'MELGAR', '130301'),
('130301013', 'MONTAG', '130301'),
('130301014', 'NAVARRO', '130301'),
('130301015', 'NEW NAZARETH', '130301'),
('130301016', 'POBLACION', '130301'),
('130301017', 'PUERTO PRINCESA', '130301'),
('130301018', 'RITA GLENDA', '130301'),
('130301019', 'ROMA', '130301'),
('130301020', 'ROXAS', '130301'),
('130301021', 'SANTA MONICA', '130301'),
('130301022', 'SANTO NIÑO', '130301'),
('130301023', 'SERING', '130301'),
('130301024', 'SOMBRADO', '130301'),
('130301025', 'TAG-ABACA', '130301'),
('130301026', 'VILLA ECLEO', '130301'),
('130301027', 'VILLA PANTINOPLE', '130301'),
('130302001', 'BOA', '130302'),
('130302002', 'CABUNGA-AN', '130302'),
('130302003', 'DEL PILAR', '130302'),
('130302004', 'LAGUNA', '130302'),
('130302005', 'LEGASPI', '130302'),
('130302006', 'MA-ATAS', '130302'),
('130302007', 'MABINI (BORJA)', '130302'),
('130302008', 'NUEVA ESTRELLA', '130302'),
('130302009', 'POBLACION', '130302'),
('130302010', 'R. ECLEO, SR.', '130302'),
('130302011', 'SAN JOSE', '130302'),
('130302012', 'SANTA RITA', '130302'),
('130302013', 'TIGBAO', '130302'),
('130302014', 'VALENCIA', '130302'),
('130303001', 'BAGUMBAYAN', '130303'),
('130303002', 'CAB-ILAN', '130303'),
('130303003', 'CABAYAWAN', '130303'),
('130303004', 'CAYETANO', '130303'),
('130303005', 'ESCOLTA (POB.)', '130303'),
('130303006', 'GOMEZ', '130303'),
('130303007', 'JUSTINIANA EDERA', '130303'),
('130303008', 'MAGSAYSAY', '130303'),
('130303009', 'MAUSWAGON (POB.)', '130303'),
('130303010', 'NEW MABUHAY', '130303'),
('130303011', 'WADAS', '130303'),
('130303012', 'WHITE BEACH (POB.)', '130303'),
('130304001', 'ALBOR (POB.)', '130304'),
('130304002', 'ARELLANO', '130304'),
('130304003', 'BAYANIHAN', '130304'),
('130304004', 'DOÑA HELEN', '130304'),
('130304005', 'GARCIA', '130304'),
('130304006', 'GENERAL AGUINALDO (BOLOD-BOLOD)', '130304'),
('130304007', 'KANIHAAN', '130304'),
('130304008', 'LLAMERA', '130304'),
('130304009', 'MAGSAYSAY', '130304'),
('130304010', 'OSMEÑA', '130304'),
('130304011', 'PLARIDEL', '130304'),
('130304012', 'QUEZON', '130304'),
('130304013', 'ROSITA', '130304'),
('130304014', 'SAN ANTONIO (POB.)', '130304'),
('130304015', 'SAN JOSE', '130304'),
('130304016', 'SANTO NIÑO', '130304'),
('130305001', 'CARMEN (POB.)', '130305'),
('130305002', 'ESPERANZA', '130305'),
('130305003', 'FERDINAND', '130305'),
('130305004', 'HELENE', '130305'),
('130305005', 'LIBERTY', '130305'),
('130305006', 'MAGSAYSAY', '130305'),
('130305007', 'PANAMAON', '130305'),
('130305008', 'SAN JUAN (POB.)', '130305'),
('130305009', 'SANTA CRUZ (POB.)', '130305'),
('130305010', 'SANTIAGO (POB.)', '130305'),
('130306001', 'AURELIO', '130306'),
('130306002', 'CUARINTA', '130306'),
('130306003', 'DON RUBEN ECLEO (BALTAZAR)', '130306'),
('130306004', 'JACQUEZ', '130306'),
('130306005', 'JUSTINIANA EDERA', '130306'),
('130306006', 'LUNA', '130306'),
('130306007', 'MAHAYAHAY', '130306'),
('130306008', 'MATINGBE', '130306'),
('130306009', 'SAN JOSE (POB.)', '130306'),
('130306010', 'SAN JUAN', '130306'),
('130306011', 'SANTA CRUZ', '130306'),
('130306012', 'WILSON', '130306'),
('130307001', 'DIAZ (ROMUALDEZ)', '130307'),
('130307002', 'IMELDA', '130307'),
('130307003', 'MABINI', '130307'),
('130307004', 'MALINAO', '130307'),
('130307005', 'NAVARRO', '130307'),
('130307006', 'ROXAS', '130307'),
('130307007', 'SAN ROQUE (POB.)', '130307'),
('130307008', 'SAN VICENTE (POB.)', '130307'),
('130307009', 'SANTA CRUZ (POB.)', '130307'),
('130401001', 'ALIPAO', '130401'),
('130401002', 'ANAHAW', '130401'),
('130401003', 'BUDLINGIN', '130401'),
('130401004', 'CAMP EDUARD (GEOTINA)', '130401'),
('130401005', 'FERLDA', '130401'),
('130401006', 'GAMUTON', '130401'),
('130401007', 'JULIO OUANO (POB.)', '130401'),
('130401008', 'OMBONG', '130401'),
('130401009', 'POBLACION (ALEGRIA)', '130401'),
('130401010', 'PONGTUD', '130401'),
('130401011', 'SAN JUAN', '130401'),
('130401012', 'SAN PEDRO', '130401'),
('130402001', 'CABUGAO', '130402'),
('130402002', 'CAMBUAYON', '130402'),
('130402003', 'CAMPO', '130402'),
('130402004', 'DUGSANGON', '130402'),
('130402005', 'PAUTAO', '130402'),
('130402006', 'PAYAPAG', '130402'),
('130402007', 'POBLACION', '130402'),
('130402008', 'PUNGTOD', '130402'),
('130402009', 'SANTO ROSARIO', '130402'),
('130403001', 'BAYBAY', '130403'),
('130403002', 'BITAUG', '130403'),
('130403003', 'MATIN-AO', '130403'),
('130403004', 'POBLACION 1', '130403'),
('130403005', 'POBLACION 2', '130403'),
('130403006', 'SAN MATEO', '130403'),
('130404001', 'BAGAKAY (POB. WEST)', '130404'),
('130404002', 'CABUGO', '130404'),
('130404003', 'CAGDIANAO', '130404'),
('130404004', 'DAYWAN', '130404'),
('130404005', 'HAYANGGABON', '130404'),
('130404006', 'LADGARON (POB.)', '130404'),
('130404007', 'LAPINIGAN', '130404'),
('130404008', 'MAGALLANES', '130404'),
('130404009', 'PANATAO', '130404'),
('130404010', 'SAPA', '130404'),
('130404011', 'TAGANITO', '130404'),
('130404012', 'TAYAGA (POB. EAST)', '130404'),
('130404013', 'URBIZTONDO', '130404'),
('130404014', 'WANGKE', '130404'),
('130405001', 'BAGAKAY', '130405'),
('130405002', 'BARANGAY 1 (POB.)', '130405'),
('130405003', 'BARANGAY 2 (POB.)', '130405'),
('130405004', 'BARANGAY 3 (POB.)', '130405'),
('130405005', 'BARANGAY 4 (POB.)', '130405'),
('130405006', 'BARANGAY 5 (POB.)', '130405'),
('130405007', 'BARANGAY 6 (POB.)', '130405'),
('130405008', 'BARANGAY 7 (POB.)', '130405'),
('130405009', 'BARANGAY 8 (POB.)', '130405'),
('130405010', 'BARANGAY 9 (POB.)', '130405'),
('130405011', 'BARANGAY 10 (POB.)', '130405'),
('130405012', 'BARANGAY 11 (POB.)', '130405'),
('130405013', 'BARANGAY 12 (POB.)', '130405'),
('130405014', 'BARANGAY 13 (POB.)', '130405'),
('130405015', 'BUENAVISTA', '130405'),
('130405016', 'CABAWA', '130405'),
('130405017', 'CAMBAS-AC', '130405'),
('130405018', 'CONSOLACION', '130405'),
('130405019', 'CORREGIDOR', '130405'),
('130405020', 'DAGOHOY', '130405'),
('130405021', 'DON PAULINO', '130405'),
('130405022', 'JUBANG', '130405'),
('130405023', 'MONTSERRAT', '130405'),
('130405024', 'OSMEÑA', '130405'),
('130405025', 'SAN CARLOS', '130405'),
('130405026', 'SAN MIGUEL', '130405'),
('130405027', 'SANTA FE', '130405'),
('130405028', 'SANTA FELOMINA', '130405'),
('130405029', 'UNION', '130405'),
('130406001', 'ANTIPOLO', '130406'),
('130406002', 'BAGAKAY (ALBURO)', '130406'),
('130406003', 'BITOON', '130406'),
('130406004', 'CABUGAO', '130406'),
('130406005', 'CANCOHOY', '130406'),
('130406006', 'CAUB', '130406'),
('130406007', 'DEL CARMEN (POB.)', '130406'),
('130406008', 'DOMOYOG', '130406'),
('130406009', 'ESPERANZA', '130406'),
('130406010', 'HALIAN', '130406'),
('130406011', 'JAMOYAON', '130406'),
('130406012', 'KATIPUNAN', '130406'),
('130406013', 'LOBOGON', '130406'),
('130406014', 'MABUHAY', '130406'),
('130406015', 'MAHAYAHAY', '130406'),
('130406016', 'QUEZON', '130406'),
('130406017', 'SAN FERNANDO', '130406'),
('130406018', 'SAN JOSE (POB.)', '130406'),
('130406019', 'SAYAK', '130406'),
('130406020', 'TUBORAN', '130406'),
('130407001', 'ANAJAWAN', '130407'),
('130407002', 'CABITOONAN', '130407'),
('130407003', 'CATANGNAN', '130407'),
('130407004', 'CONSUELO', '130407'),
('130407005', 'CORAZON', '130407'),
('130407006', 'DAKU', '130407'),
('130407007', 'LA JANUZA', '130407'),
('130407008', 'LIBERTAD', '130407'),
('130407009', 'MAGSAYSAY', '130407'),
('130407010', 'MALINAO', '130407'),
('130407011', 'POBLACION I (PUROK I)', '130407'),
('130407012', 'POBLACION II (PUROK II)', '130407'),
('130407013', 'POBLACION III (PUROK III)', '130407'),
('130407014', 'POBLACION IV (PUROK IV)', '130407'),
('130407015', 'POBLACION V (PUROK V)', '130407'),
('130407016', 'SANTA CRUZ', '130407'),
('130407017', 'SANTA FE', '130407'),
('130407018', 'SUYANGAN', '130407'),
('130407019', 'TAWIN-TAWIN', '130407'),
('130408001', 'ALAMBIQUE (POB.)', '130408'),
('130408002', 'ANIBONGAN', '130408'),
('130408003', 'CAM-BOAYON', '130408'),
('130408004', 'CAMAM-ONAN', '130408'),
('130408005', 'IPIL (POB.)', '130408'),
('130408006', 'LAHI', '130408'),
('130408007', 'MAHANUB', '130408'),
('130408008', 'PONIENTE', '130408'),
('130408009', 'SAN ANTONIO (BONOT)', '130408'),
('130408010', 'SAN ISIDRO', '130408'),
('130408011', 'SICO-SICO', '130408'),
('130408012', 'VILLAFLOR', '130408'),
('130408013', 'VILLAFRANCA', '130408'),
('130409001', 'BINGA', '130409'),
('130409002', 'BOBONA-ON', '130409'),
('130409003', 'CANTUGAS', '130409'),
('130409004', 'DAYANO', '130409'),
('130409005', 'MABINI', '130409'),
('130409006', 'MAGPAYANG', '130409'),
('130409007', 'MAGSAYSAY (POB.)', '130409'),
('130409008', 'MANSAYAO', '130409'),
('130409009', 'MARAYAG', '130409'),
('130409010', 'MATIN-AO', '130409'),
('130409011', 'PACO', '130409'),
('130409012', 'QUEZON (POB.)', '130409'),
('130409013', 'ROXAS', '130409'),
('130409014', 'SAN FRANCISCO', '130409'),
('130409015', 'SAN ISIDRO', '130409'),
('130409016', 'SAN JOSE', '130409'),
('130409017', 'SIANA', '130409'),
('130409018', 'SILOP', '130409'),
('130409019', 'TAGBUYAWAN', '130409'),
('130409020', 'TAPI-AN', '130409'),
('130409021', 'TOLINGON', '130409'),
('130410001', 'BUNYASAN', '130410'),
('130410002', 'CAGTINAE', '130410'),
('130410003', 'CAN-AGA', '130410'),
('130410004', 'CANSAYONG', '130410'),
('130410005', 'CANTAPOY', '130410'),
('130410006', 'CAYAWAN', '130410'),
('130410007', 'DORO (BINOCARAN)', '130410'),
('130410008', 'HANAGDONG', '130410'),
('130410009', 'KARIHATAG', '130410'),
('130410010', 'MASGAD', '130410'),
('130410011', 'PILI', '130410'),
('130410012', 'SAN ISIDRO (POB.)', '130410'),
('130410013', 'TINAGO', '130410'),
('130410014', 'VILLARIZA', '130410'),
('130411001', 'ASINAN (POB.)', '130411'),
('130411002', 'CARIDAD', '130411'),
('130411003', 'CENTRO (POB.)', '130411'),
('130411004', 'CONSOLACION', '130411'),
('130411005', 'DATU', '130411'),
('130411006', 'DAYAOHAY', '130411'),
('130411007', 'JABOY', '130411'),
('130411008', 'KATIPUNAN', '130411'),
('130411009', 'MAASIN', '130411'),
('130411010', 'MABINI', '130411'),
('130411011', 'MABUHAY', '130411'),
('130411012', 'PILARING (POB.)', '130411'),
('130411013', 'PUNTA (POB.)', '130411'),
('130411014', 'SALVACION', '130411'),
('130411015', 'SAN ROQUE', '130411'),
('130412001', 'AMOSLOG', '130412'),
('130412002', 'ANISLAGAN', '130412'),
('130412003', 'BAD-AS', '130412'),
('130412004', 'BOYONGAN', '130412'),
('130412005', 'BUGAS-BUGAS', '130412'),
('130412006', 'CENTRAL (POB.)', '130412'),
('130412007', 'ELLAPERAL (NONOK)', '130412'),
('130412008', 'IPIL (POB.)', '130412'),
('130412009', 'LAKANDULA', '130412'),
('130412010', 'MABINI', '130412'),
('130412011', 'MACALAYA', '130412'),
('130412012', 'MAGSAYSAY (POB.)', '130412'),
('130412013', 'MAGUPANGE', '130412'),
('130412014', 'PANANAY-AN', '130412'),
('130412015', 'PANHUTONGAN', '130412'),
('130412016', 'SAN ISIDRO', '130412'),
('130412017', 'SANI-SANI', '130412'),
('130412018', 'SANTA CRUZ', '130412'),
('130412019', 'SUYOC', '130412'),
('130412020', 'TAGBONGABONG', '130412'),
('130413001', 'BONGDO', '130413'),
('130413002', 'MARIBOJOC', '130413'),
('130413003', 'NUEVO CAMPO', '130413'),
('130413004', 'SAN JUAN', '130413'),
('130413005', 'SANTA CRUZ (POB.)', '130413'),
('130413006', 'TALISAY (POB.)', '130413'),
('130414001', 'AMONTAY', '130414'),
('130414002', 'BALITE', '130414'),
('130414003', 'BANBANON', '130414'),
('130414004', 'DIAZ', '130414'),
('130414005', 'HONRADO', '130414'),
('130414006', 'JUBGAN', '130414'),
('130414007', 'LINONGGANAN', '130414'),
('130414008', 'MACOPA', '130414'),
('130414009', 'MAGTANGALE', '130414'),
('130414010', 'OSLAO', '130414'),
('130414011', 'POBLACION', '130414'),
('130415001', 'BUHING CALIPAY', '130415'),
('130415002', 'DEL CARMEN (POB.)', '130415'),
('130415003', 'DEL PILAR', '130415'),
('130415004', 'MACAPAGAL', '130415'),
('130415005', 'PACIFICO', '130415'),
('130415006', 'PELAEZ', '130415'),
('130415007', 'ROXAS', '130415'),
('130415008', 'SAN MIGUEL', '130415'),
('130415009', 'SANTA PAZ', '130415'),
('130415010', 'SANTO NIÑO', '130415'),
('130415011', 'TAMBACAN', '130415'),
('130415012', 'TIGASAO', '130415'),
('130416001', 'ABAD SANTOS', '130416'),
('130416002', 'ALEGRIA', '130416'),
('130416003', 'BAILAN', '130416'),
('130416004', 'GARCIA', '130416'),
('130416005', 'LIBERTAD', '130416'),
('130416006', 'MABINI', '130416'),
('130416007', 'MABUHAY (POB.)', '130416'),
('130416008', 'MAGSAYSAY', '130416'),
('130416009', 'RIZAL', '130416'),
('130416010', 'T. ARLAN (POB.)', '130416'),
('130416011', 'TANGBO', '130416'),
('130417001', 'BIYABID', '130417'),
('130417002', 'GACEPAN', '130417'),
('130417003', 'IMA', '130417'),
('130417004', 'LOWER PATAG', '130417'),
('130417005', 'MABUHAY', '130417'),
('130417006', 'MAYAG', '130417'),
('130417007', 'POBLACION (SAN PEDRO)', '130417'),
('130417008', 'SAN ISIDRO', '130417'),
('130417009', 'SAN PABLO', '130417'),
('130417010', 'TAGBAYANI', '130417'),
('130417011', 'TINOGPAHAN', '130417'),
('130417012', 'UPPER PATAG', '130417'),
('130418001', 'ALBINO TARUC', '130418'),
('130418002', 'DEL PILAR', '130418'),
('130418003', 'HELENE', '130418'),
('130418004', 'HONRADO', '130418'),
('130418005', 'NAVARRO (POB.)', '130418'),
('130418006', 'NUEVA ESTRELLA', '130418'),
('130418007', 'PAMOSAINGAN', '130418'),
('130418008', 'RIZAL (POB.)', '130418'),
('130418009', 'SALOG', '130418'),
('130418010', 'SAN ROQUE', '130418'),
('130418011', 'SANTA CRUZ', '130418'),
('130418012', 'SERING', '130418'),
('130418013', 'SONGKOY', '130418'),
('130418014', 'SUDLON', '130418'),
('130419001', 'ALANG-ALANG', '130419'),
('130419002', 'ALEGRIA', '130419'),
('130419003', 'ANOMAR', '130419'),
('130419004', 'AURORA', '130419'),
('130419005', 'BALIBAYON', '130419'),
('130419006', 'BAYBAY', '130419'),
('130419007', 'BILABID', '130419'),
('130419008', 'BITAUGAN', '130419'),
('130419009', 'BONIFACIO', '130419'),
('130419010', 'BUENAVISTA', '130419'),
('130419011', 'CABONGBONGAN', '130419'),
('130419012', 'CAGNIOG', '130419'),
('130419013', 'CAGUTSAN', '130419'),
('130419014', 'CANLANIPA', '130419'),
('130419015', 'CANTIASAY', '130419'),
('130419016', 'CAPALAYAN', '130419'),
('130419017', 'CATADMAN', '130419'),
('130419018', 'DANAO', '130419'),
('130419019', 'DANAWAN', '130419'),
('130419020', 'DAY-ASAN', '130419'),
('130419021', 'IPIL', '130419'),
('130419022', 'LIBUAC', '130419'),
('130419023', 'LIPATA', '130419'),
('130419024', 'LISONDRA', '130419'),
('130419025', 'LUNA', '130419'),
('130419026', 'MABINI', '130419'),
('130419027', 'MABUA', '130419'),
('130419028', 'MANYAGAO', '130419'),
('130419029', 'MAPAWA', '130419'),
('130419030', 'MAT-I', '130419'),
('130419031', 'NABAGO', '130419'),
('130419032', 'NONOC', '130419'),
('130419033', 'OROK', '130419'),
('130419034', 'POCTOY', '130419'),
('130419035', 'PUNTA BILAR', '130419'),
('130419036', 'QUEZON', '130419'),
('130419037', 'RIZAL', '130419'),
('130419038', 'SABANG', '130419'),
('130419039', 'SAN ISIDRO', '130419'),
('130419040', 'SAN JOSE', '130419'),
('130419041', 'SAN JUAN', '130419'),
('130419042', 'SAN PEDRO (HANIGAD)', '130419'),
('130419043', 'SAN ROQUE', '130419'),
('130419044', 'SERNA (BAD-ASAY)', '130419'),
('130419045', 'SIDLAKAN', '130419'),
('130419046', 'SILOP', '130419'),
('130419047', 'SUGBAY', '130419'),
('130419048', 'SUKAILANG', '130419'),
('130419049', 'TAFT (POB.)', '130419'),
('130419050', 'TALISAY', '130419'),
('130419051', 'TOGBONGON', '130419'),
('130419052', 'TRINIDAD', '130419'),
('130419053', 'WASHINGTON (POB.)', '130419'),
('130419054', 'ZARAGOZA', '130419'),
('130420001', 'AURORA (POB.)', '130420'),
('130420002', 'AZUCENA (POB.)', '130420'),
('130420003', 'BANBAN', '130420'),
('130420004', 'CAWILAN', '130420'),
('130420005', 'FABIO', '130420'),
('130420006', 'HIMAMAUG', '130420'),
('130420007', 'LAUREL', '130420'),
('130420008', 'LOWER LIBAS', '130420'),
('130420009', 'OPONG', '130420'),
('130420010', 'PATINO', '130420'),
('130420011', 'SAMPAGUITA (POB.)', '130420'),
('130420012', 'TALAVERA', '130420'),
('130420013', 'UNION', '130420'),
('130420014', 'UPPER LIBAS', '130420'),
('130421001', 'CAPAYAHAN', '130421'),
('130421002', 'CAWILAN', '130421'),
('130421003', 'DEL ROSARIO', '130421'),
('130421004', 'MARGA', '130421'),
('130421005', 'MOTORPOOL', '130421'),
('130421006', 'POBLACION (TUBOD)', '130421'),
('130421007', 'SAN ISIDRO', '130421'),
('130421008', 'SAN PABLO', '130421'),
('130421009', 'TIMAMANA', '130421'),
('130501001', 'AMAGA', '130501'),
('130501002', 'BAHI', '130501'),
('130501003', 'CABACUNGAN', '130501'),
('130501004', 'CAMBAGANG', '130501'),
('130501005', 'CAUSWAGAN', '130501'),
('130501006', 'DAPDAP', '130501'),
('130501007', 'DUGHAN', '130501'),
('130501008', 'GAMUT', '130501'),
('130501009', 'JAVIER', '130501'),
('130501010', 'KINAYAN', '130501'),
('130501011', 'MAMIS', '130501'),
('130501012', 'POBLACION', '130501'),
('130501013', 'RIZAL', '130501'),
('130501014', 'SAN JOSE', '130501'),
('130501015', 'SAN ROQUE', '130501'),
('130501016', 'SAN VICENTE', '130501'),
('130501017', 'SUA', '130501'),
('130501018', 'SUDLON', '130501'),
('130501019', 'TAMBIS', '130501'),
('130501020', 'UNIDAD', '130501'),
('130501021', 'WAKAT', '130501'),
('130502001', 'AMAG', '130502'),
('130502002', 'BALETE (POB.)', '130502'),
('130502003', 'CABUGO', '130502'),
('130502004', 'CAGBAOTO', '130502'),
('130502005', 'LA PAZ', '130502'),
('130502006', 'MAGOBAWOK', '130502'),
('130502007', 'PANAOSAWON', '130502'),
('130503001', 'BUCTO', '130503'),
('130503002', 'BURBOANAN', '130503'),
('130503003', 'CAGUYAO', '130503'),
('130503004', 'COLETO', '130503'),
('130503005', 'COMAWAS', '130503'),
('130503006', 'KAHAYAG', '130503'),
('130503007', 'LABISMA', '130503'),
('130503008', 'LAWIGAN', '130503'),
('130503009', 'MAHARLIKA', '130503'),
('130503010', 'MANGAGOY', '130503'),
('130503011', 'MONE', '130503'),
('130503012', 'PAMANLINAN', '130503'),
('130503013', 'PAMAYPAYAN', '130503'),
('130503014', 'POBLACION', '130503'),
('130503015', 'SAN ANTONIO', '130503'),
('130503016', 'SAN FERNANDO', '130503'),
('130503017', 'SAN ISIDRO (BAGNAN)', '130503'),
('130503018', 'SAN JOSE', '130503'),
('130503019', 'SAN ROQUE (CADANGLASAN)', '130503'),
('130503020', 'SAN VICENTE', '130503'),
('130503021', 'SANTA CRUZ', '130503'),
('130503022', 'SIBAROY', '130503'),
('130503023', 'TABON', '130503'),
('130503024', 'TUMANAN', '130503'),
('130504001', 'ARAS-ASAN', '130504'),
('130504002', 'BACOLOD', '130504'),
('130504003', 'BITAUGAN EAST', '130504'),
('130504004', 'BITAUGAN WEST', '130504'),
('130504005', 'LA PURISIMA (PALHE)', '130504'),
('130504006', 'LACTUDAN', '130504'),
('130504007', 'MAT-E', '130504'),
('130504008', 'POBLACION', '130504'),
('130504009', 'TAWAGAN', '130504'),
('130504010', 'TUBO-TUBO', '130504'),
('130504011', 'UNIDAD', '130504'),
('130505001', 'BUGSUKAN', '130505'),
('130505002', 'BUNTALID', '130505'),
('130505003', 'CABANGAHAN', '130505'),
('130505004', 'CABAS-AN', '130505'),
('130505005', 'CALAGDAAN', '130505'),
('130505006', 'CONSUELO', '130505'),
('130505007', 'GENERAL ISLAND', '130505'),
('130505008', 'LININTI-AN (POB.)', '130505'),
('130505009', 'LOBO', '130505'),
('130505010', 'MAGASANG', '130505'),
('130505011', 'MAGOSILOM (POB.)', '130505'),
('130505012', 'PAG-ANTAYAN', '130505'),
('130505013', 'PALASAO', '130505'),
('130505014', 'PARANG', '130505'),
('130505015', 'SAN PEDRO', '130505'),
('130505016', 'TAPI', '130505'),
('130505017', 'TIGABONG', '130505'),
('130506001', 'ANTAO', '130506'),
('130506002', 'CANCAVAN', '130506'),
('130506003', 'CARMEN (POB.)', '130506'),
('130506004', 'ESPERANZA', '130506'),
('130506005', 'HINAPOYAN', '130506'),
('130506006', 'PUYAT', '130506'),
('130506007', 'SAN VICENTE', '130506'),
('130506008', 'SANTA CRUZ', '130506'),
('130507001', 'ADLAY', '130507'),
('130507002', 'BABUYAN', '130507'),
('130507003', 'BACOLOD', '130507'),
('130507004', 'BAYBAY (POB.)', '130507'),
('130507005', 'BON-OT', '130507'),
('130507006', 'CAGLAYAG', '130507'),
('130507007', 'DAHICAN', '130507'),
('130507008', 'DOYOS (POB.)', '130507'),
('130507009', 'EMBARCADERO (POB.)', '130507'),
('130507010', 'GAMUTON', '130507'),
('130507011', 'PANIKIAN', '130507'),
('130507012', 'PANTUKAN', '130507'),
('130507013', 'SACA (POB.)', '130507'),
('130507014', 'TAG-ANITO', '130507'),
('130508001', 'BALIBADON', '130508'),
('130508002', 'BURGOS', '130508'),
('130508003', 'CAPANDAN', '130508'),
('130508004', 'MABAHIN', '130508'),
('130508005', 'MADRELINO', '130508'),
('130508006', 'MANLICO', '130508'),
('130508007', 'MATHO', '130508'),
('130508008', 'POBLACION', '130508'),
('130508009', 'TAG-ANONGAN', '130508'),
('130508010', 'TIGAO', '130508'),
('130508011', 'TUBORAN', '130508'),
('130508012', 'UBA', '130508'),
('130509001', 'BACULIN', '130509'),
('130509002', 'BENIGNO AQUINO (ZONE I) POB.', '130509'),
('130509003', 'BIGAAN', '130509'),
('130509004', 'CAMBATONG', '130509'),
('130509005', 'CAMPA', '130509'),
('130509006', 'DUGMANON', '130509'),
('130509007', 'HARIP', '130509'),
('130509008', 'LA CASA (POB.)', '130509'),
('130509009', 'LOYOLA', '130509'),
('130509010', 'MALIGAYA', '130509'),
('130509011', 'PAGTIGNI-AN (BITOON)', '130509'),
('130509012', 'POCTO', '130509'),
('130509013', 'PORT LAMON', '130509'),
('130509014', 'ROXAS', '130509'),
('130509015', 'SAN JUAN', '130509'),
('130509016', 'SASA', '130509'),
('130509017', 'TAGASAKA', '130509'),
('130509018', 'TAGBOBONGA', '130509'),
('130509019', 'TALISAY', '130509'),
('130509020', 'TARUSAN', '130509'),
('130509021', 'TIDMAN', '130509'),
('130509022', 'TIWI', '130509'),
('130509023', 'ZONE II (POB.)', '130509'),
('130509024', 'ZONE III MAHARLIKA (POB.)', '130509'),
('130510001', 'AGSAM', '130510'),
('130510002', 'BOCAWE', '130510'),
('130510003', 'BUNGA', '130510'),
('130510004', 'GAMUTON', '130510'),
('130510005', 'HABAG', '130510'),
('130510006', 'MAMPI', '130510'),
('130510007', 'NURCIA', '130510'),
('130510008', 'PAKWAN', '130510'),
('130510009', 'SIBAHAY', '130510'),
('130510010', 'ZONE I (POB.)', '130510'),
('130510011', 'ZONE II (POB.)', '130510'),
('130510012', 'ZONE III (POB.)', '130510'),
('130510013', 'ZONE IV (POB.)', '130510'),
('130511001', 'ANIBONGAN', '130511'),
('130511002', 'BAN-AS', '130511'),
('130511003', 'BANAHAO', '130511'),
('130511004', 'BAUCAWE', '130511'),
('130511005', 'DIATAGON', '130511'),
('130511006', 'GANAYON', '130511'),
('130511007', 'LIATIMCO', '130511'),
('130511008', 'MANYAYAY', '130511'),
('130511009', 'PAYASAN', '130511'),
('130511010', 'POBLACION', '130511'),
('130511011', 'SAINT CHRISTINE', '130511'),
('130511012', 'SAN ISIDRO', '130511'),
('130511013', 'SAN PEDRO', '130511'),
('130512001', 'ANIBONGAN', '130512'),
('130512002', 'BARCELONA', '130512'),
('130512003', 'BOGAK', '130512'),
('130512004', 'BONGAN', '130512'),
('130512005', 'HANDAMAYAN', '130512'),
('130512006', 'MAHAYAHAY', '130512'),
('130512007', 'MANDUS', '130512'),
('130512008', 'MANSA-ILAO', '130512'),
('130512009', 'PAGTILA-AN', '130512'),
('130512010', 'PALO ALTO', '130512'),
('130512011', 'POBLACION', '130512'),
('130512012', 'RAJAH CABUNGSO-AN', '130512'),
('130512013', 'SABANG', '130512'),
('130512014', 'SALVACION', '130512'),
('130512015', 'SAN ROQUE', '130512'),
('130512016', 'TAGPOPORAN', '130512'),
('130512017', 'UNION', '130512'),
('130512018', 'VALENCIA', '130512'),
('130513001', 'BAGSAC', '130513'),
('130513002', 'BAYOGO', '130513'),
('130513003', 'LINIBONAN', '130513'),
('130513004', 'MAGSAYSAY', '130513'),
('130513005', 'MANGA', '130513'),
('130513006', 'PANAYOGON', '130513'),
('130513007', 'PATONG PATONG', '130513'),
('130513008', 'QUIRINO (POB.)', '130513'),
('130513009', 'SAN ANTONIO', '130513'),
('130513010', 'SAN JUAN', '130513'),
('130513011', 'SAN ROQUE', '130513'),
('130513012', 'SAN VICENTE', '130513'),
('130513013', 'SONGKIT', '130513'),
('130513014', 'UNION', '130513'),
('130514001', 'ALEGRIA', '130514'),
('130514002', 'AMONTAY', '130514'),
('130514003', 'ANTIPOLO', '130514'),
('130514004', 'AROROGAN', '130514'),
('130514005', 'BAYAN', '130514'),
('130514006', 'MAHABA', '130514'),
('130514007', 'MARARAG', '130514'),
('130514008', 'POBLACION', '130514'),
('130514009', 'SAN ANTONIO', '130514'),
('130514010', 'SAN ISIDRO', '130514'),
('130514011', 'SAN PEDRO', '130514'),
('130514012', 'SANTA CRUZ', '130514'),
('130515001', 'BRETANIA', '130515'),
('130515002', 'BUATONG', '130515'),
('130515003', 'BUHISAN', '130515'),
('130515004', 'GATA', '130515'),
('130515005', 'HORNASAN', '130515'),
('130515006', 'JANIPAAN', '130515'),
('130515007', 'KAUSWAGAN', '130515'),
('130515008', 'OTEIZA', '130515'),
('130515009', 'POBLACION', '130515'),
('130515010', 'PONG-ON', '130515'),
('130515011', 'PONGTOD', '130515'),
('130515012', 'SALVACION', '130515'),
('130515013', 'SANTO NIÑO', '130515'),
('130516001', 'BAGYANG', '130516'),
('130516002', 'BARAS', '130516'),
('130516003', 'BITAUGAN', '130516'),
('130516004', 'BOLHOON', '130516'),
('130516005', 'CALATNGAN', '130516'),
('130516006', 'CARROMATA', '130516'),
('130516007', 'CASTILLO', '130516'),
('130516008', 'LIBAS GUA', '130516'),
('130516009', 'LIBAS SUD', '130516'),
('130516010', 'MAGROYONG', '130516'),
('130516011', 'MAHAYAG (MAITUM)', '130516'),
('130516012', 'PATONG', '130516'),
('130516013', 'POBLACION', '130516'),
('130516014', 'SAGBAYAN', '130516'),
('130516015', 'SAN ROQUE', '130516'),
('130516016', 'SIAGAO', '130516'),
('130516017', 'TINA', '130516'),
('130516018', 'UMALAG', '130516'),
('130517001', 'BATUNAN', '130517'),
('130517002', 'CARPENITO', '130517'),
('130517003', 'DOÑA CARMEN', '130517'),
('130517004', 'HINAGDANAN', '130517'),
('130517005', 'KAHAYAGAN', '130517'),
('130517006', 'LAGO', '130517'),
('130517007', 'MAGLAMBING', '130517'),
('130517008', 'MAGLATAB', '130517'),
('130517009', 'MAGSAYSAY', '130517'),
('130517010', 'MALIXI', '130517'),
('130517011', 'MANAMBIA', '130517'),
('130517012', 'OSMEÑA', '130517'),
('130517013', 'POBLACION', '130517'),
('130517014', 'QUEZON', '130517'),
('130517015', 'SAN VICENTE', '130517'),
('130517016', 'SANTA CRUZ', '130517'),
('130517017', 'SANTA FE', '130517'),
('130517018', 'SANTA JUANA', '130517'),
('130517019', 'SANTA MARIA', '130517'),
('130517020', 'SAYON', '130517'),
('130517021', 'SORIANO', '130517'),
('130517022', 'TAGONGON', '130517'),
('130517023', 'TRINIDAD', '130517'),
('130517024', 'UGOBAN', '130517'),
('130517025', 'VILLAVERDE', '130517'),
('130518001', 'ALBA', '130518'),
('130518002', 'ANAHAO BAG-O', '130518'),
('130518003', 'ANAHAO DAAN', '130518'),
('130518004', 'BADONG', '130518'),
('130518005', 'BAJAO', '130518'),
('130518006', 'BANGSUD', '130518'),
('130518007', 'CABANGAHAN', '130518'),
('130518008', 'CAGDAPAO', '130518'),
('130518009', 'CAMAGONG', '130518'),
('130518010', 'CARAS-AN', '130518'),
('130518011', 'CAYALE', '130518'),
('130518012', 'DAYO-AN', '130518'),
('130518013', 'GAMUT', '130518'),
('130518014', 'JUBANG', '130518'),
('130518015', 'KINABIGTASAN', '130518'),
('130518016', 'LAYOG', '130518'),
('130518017', 'LINDOY', '130518'),
('130518018', 'MERCEDES', '130518'),
('130518019', 'PURISIMA (POB.)', '130518'),
('130518020', 'SUMO-SUMO', '130518'),
('130518021', 'UMBAY', '130518'),
('130518022', 'UNABAN', '130518'),
('130518023', 'UNIDOS', '130518'),
('130518024', 'VICTORIA', '130518'),
('130519001', 'AWASIAN', '130519'),
('130519002', 'BAGONG LUNGSOD (POB.)', '130519'),
('130519003', 'BIOTO', '130519'),
('130519004', 'BONGTOD POB. (EAST WEST)', '130519'),
('130519005', 'BUENAVISTA', '130519'),
('130519006', 'DAGOCDOC (POB.)', '130519'),
('130519007', 'MABUA', '130519'),
('130519008', 'MABUHAY', '130519'),
('130519009', 'MAITUM', '130519'),
('130519010', 'MATICDUM', '130519'),
('130519011', 'PANDANON', '130519'),
('130519012', 'PANGI', '130519'),
('130519013', 'QUEZON', '130519'),
('130519014', 'ROSARIO', '130519'),
('130519015', 'SALVACION', '130519'),
('130519016', 'SAN AGUSTIN NORTE', '130519'),
('130519017', 'SAN AGUSTIN SUR', '130519'),
('130519018', 'SAN ANTONIO', '130519'),
('130519019', 'SAN ISIDRO', '130519'),
('130519020', 'SAN JOSE', '130519'),
('130519021', 'TELAJE', '130519');

-- --------------------------------------------------------

--
-- Table structure for table `municipality`
--

CREATE TABLE `municipality` (
  `municipality_code` varchar(6) NOT NULL,
  `municipality_name` varchar(100) NOT NULL,
  `province_code` varchar(4) DEFAULT NULL
) ENGINE=InnoDB DEFAULT CHARSET=utf8mb4 COLLATE=utf8mb4_0900_ai_ci;

--
-- Dumping data for table `municipality`
--

INSERT INTO `municipality` (`municipality_code`, `municipality_name`, `province_code`) VALUES
('130101', 'BUENAVISTA', '1301'),
('130102', 'BUTUAN CITY', '1301'),
('130103', 'CABADBARAN CITY', '1301'),
('130104', 'CARMEN', '1301'),
('130105', 'JABONGA', '1301'),
('130106', 'KITCHARAO', '1301'),
('130107', 'LAS NIEVES', '1301'),
('130108', 'MAGALLANES', '1301'),
('130109', 'NASIPIT', '1301'),
('130110', 'REMEDIOS T. ROMUALDEZ', '1301'),
('130111', 'SANTIAGO', '1301'),
('130112', 'TUBAY', '1301'),
('130201', 'BAYUGAN CITY', '1302'),
('130202', 'BUNAWAN', '1302'),
('130203', 'ESPERANZA', '1302'),
('130204', 'LA PAZ', '1302'),
('130205', 'LORETO', '1302'),
('130206', 'PROSPERIDAD', '1302'),
('130207', 'ROSARIO', '1302'),
('130208', 'SAN FRANCISCO', '1302'),
('130209', 'SAN LUIS', '1302'),
('130210', 'SANTA JOSEFA', '1302'),
('130211', 'SIBAGAT', '1302'),
('130212', 'TALACOGON', '1302'),
('130213', 'TRENTO', '1302'),
('130214', 'VERUELA', '1302'),
('130301', 'BASILISA (RIZAL)', '1303'),
('130302', 'CAGDIANAO', '1303'),
('130303', 'DINAGAT', '1303'),
('130304', 'LIBJO (ALBOR)', '1303'),
('130305', 'LORETO', '1303'),
('130306', 'SAN JOSE', '1303'),
('130307', 'TUBAJON', '1303'),
('130401', 'ALEGRIA', '1304'),
('130402', 'BACUAG', '1304'),
('130403', 'BURGOS', '1304'),
('130404', 'CLAVER', '1304'),
('130405', 'DAPA', '1304'),
('130406', 'DEL CARMEN', '1304'),
('130407', 'GENERAL LUNA', '1304'),
('130408', 'GIGAQUIT', '1304'),
('130409', 'MAINIT', '1304'),
('130410', 'MALIMONO', '1304'),
('130411', 'PILAR', '1304'),
('130412', 'PLACER', '1304'),
('130413', 'SAN BENITO', '1304'),
('130414', 'SAN FRANCISCO (ANAO-AON)', '1304'),
('130415', 'SAN ISIDRO', '1304'),
('130416', 'SANTA MONICA (SAPAO)', '1304'),
('130417', 'SISON', '1304'),
('130418', 'SOCORRO', '1304'),
('130419', 'SURIGAO CITY', '1304'),
('130420', 'TAGANA-AN', '1304'),
('130421', 'TUBOD', '1304'),
('130501', 'BAROBO', '1305'),
('130502', 'BAYABAS', '1305'),
('130503', 'BISLIG CITY', '1305'),
('130504', 'CAGWAIT', '1305'),
('130505', 'CANTILAN', '1305'),
('130506', 'CARMEN', '1305'),
('130507', 'CARRASCAL', '1305'),
('130508', 'CORTES', '1305'),
('130509', 'HINATUAN', '1305'),
('130510', 'LANUZA', '1305'),
('130511', 'LIANGA', '1305'),
('130512', 'LINGIG', '1305'),
('130513', 'MADRID', '1305'),
('130514', 'MARIHATAG', '1305'),
('130515', 'SAN AGUSTIN', '1305'),
('130516', 'SAN MIGUEL', '1305'),
('130517', 'TAGBINA', '1305'),
('130518', 'TAGO', '1305'),
('130519', 'TANDAG CITY', '1305');

-- --------------------------------------------------------

--
-- Table structure for table `province`
--

CREATE TABLE `province` (
  `province_code` varchar(4) NOT NULL,
  `province_name` varchar(100) NOT NULL
) ENGINE=InnoDB DEFAULT CHARSET=utf8mb4 COLLATE=utf8mb4_0900_ai_ci;

--
-- Dumping data for table `province`
--

INSERT INTO `province` (`province_code`, `province_name`) VALUES
('1301', 'AGUSAN DEL NORTE'),
('1302', 'AGUSAN DEL SUR'),
('1303', 'DINAGAT ISLANDS'),
('1304', 'SURIGAO DEL NORTE'),
('1305', 'SURIGAO DEL SUR');

-- --------------------------------------------------------

--
-- Table structure for table `streetdata1`
--

CREATE TABLE `streetdata1` (
  `SOCID` varchar(20) CHARACTER SET utf8mb4 COLLATE utf8mb4_general_ci NOT NULL,
  `BULBV` float NOT NULL,
  `CURV` float NOT NULL,
  `SOLV` float NOT NULL,
  `SOLC` float NOT NULL,
  `BATV` float NOT NULL,
  `BATC` float NOT NULL,
  `BATSOC` float NOT NULL,
  `DATE` datetime NOT NULL DEFAULT CURRENT_TIMESTAMP
) ENGINE=InnoDB DEFAULT CHARSET=utf8mb4 COLLATE=utf8mb4_general_ci;

--
-- Dumping data for table `streetdata1`
--

INSERT INTO `streetdata1` (`SOCID`, `BULBV`, `CURV`, `SOLV`, `SOLC`, `BATV`, `BATC`, `BATSOC`, `DATE`) VALUES
('BTU-AM1001', 12.5, 0.8, 19.2, 1.2, 12.8, 0.5, 85.5, '2025-02-19 18:00:00'),
('BTU-AMP002', 12.3, 0.7, 19.1, 1.1, 12.6, 0.4, 83.2, '2025-02-19 18:00:00'),
('CAR-GOS001', 12.3, 0.8, 19.3, 1.2, 12.6, 0.5, 85.7, '2025-02-19 18:00:00'),
('CAR-MAN002', 12.5, 0.9, 19.4, 1.3, 12.8, 0.6, 88.9, '2025-02-19 18:00:00'),
('BTU-AM1001', 0.2, 0, 18.5, 2.1, 13.2, 1.8, 90.5, '2025-03-10 08:00:00'),
('BTU-AMP002', 0.1, 0, 18.3, 2, 13, 1.7, 88.2, '2025-03-10 08:00:00'),
('CAR-GOS001', 0.2, 0, 18.6, 2.2, 13.1, 1.9, 89.7, '2025-03-10 08:00:00'),
('CAR-MAN002', 0.1, 0, 18.4, 2.1, 13, 1.8, 87.9, '2025-03-10 08:00:00'),
('BTU-AM1001', 0, 0, 19.8, 2.5, 13.5, 2.1, 95.5, '2025-03-10 14:00:00'),
('BTU-AMP002', 0, 0, 19.6, 2.4, 13.4, 2, 94.2, '2025-03-10 14:00:00'),
('CAR-GOS001', 0, 0, 19.7, 2.6, 13.6, 2.2, 96.7, '2025-03-10 14:00:00'),
('CAR-MAN002', 0, 0, 19.5, 2.3, 13.3, 1.9, 93.9, '2025-03-10 14:00:00'),
('BTU-AM1001', 12.8, 0.9, 5.2, 0.1, 12.9, -0.8, 82.5, '2025-03-10 19:00:00'),
('BTU-AMP002', 12.6, 0.8, 5, 0.1, 12.7, -0.7, 80.2, '2025-03-10 19:00:00'),
('CAR-GOS001', 12.7, 0.9, 5.1, 0.1, 12.8, -0.8, 81.7, '2025-03-10 19:00:00'),
('CAR-MAN002', 12.5, 0.8, 5, 0.1, 12.6, -0.7, 79.9, '2025-03-10 19:00:00'),
('BTU-AM1001', 12.5, 0.8, 0, 0, 12.4, -0.7, 75.5, '2025-03-10 23:00:00'),
('BTU-AMP002', 12.3, 0.7, 0, 0, 12.2, -0.6, 73.2, '2025-03-10 23:00:00'),
('CAR-GOS001', 12.4, 0.8, 0, 0, 12.3, -0.7, 74.7, '2025-03-10 23:00:00'),
('CAR-MAN002', 12.2, 0.7, 0, 0, 12.1, -0.6, 72.9, '2025-03-10 23:00:00'),
('BTU-AM1001', 10.5, 0.5, 0, 0, 11.2, -0.4, 15.5, '2025-03-09 03:00:00'),
('BTU-AMP002', 0, 0, 18.5, 1.8, 11, 1.5, 18.2, '2025-03-09 10:00:00'),
('CAR-GOS001', 9.8, 0.4, 0, 0, 11.1, -0.3, 12.7, '2025-03-09 02:00:00'),
('CAR-MAN002', 0, 0, 18.2, 1.7, 11.3, 1.4, 19.9, '2025-03-09 11:00:00'),
('BTU-AM1001', 0, 0, 19.2, 2.4, 12.8, 2, 45.5, '2025-03-09 14:00:00'),
('BTU-AMP002', 0, 0, 19, 2.3, 12.6, 1.9, 48.2, '2025-03-09 15:00:00'),
('CAR-GOS001', 0, 0, 19.1, 2.4, 12.7, 2, 52.7, '2025-03-09 14:30:00'),
('CAR-MAN002', 0, 0, 18.9, 2.2, 12.5, 1.8, 55.9, '2025-03-09 15:30:00'),
('BTU-AM1001', 12.5, 0.8, 19.2, 1.2, 12.8, 0.5, 99.5, '2025-03-11 09:00:00'),
('BAR-POBSL1', 12, 0.95, 18.5, 1.2, 13.2, 0.8, 85.5, '2025-03-17 08:00:00'),
('BAR-MAMSL1', 11.8, 0.85, 17.9, 1, 12.8, 0.6, 78.3, '2025-03-17 08:00:00'),
('CRA-CARSL1', 12.2, 1.05, 19.2, 1.4, 13.5, 0.9, 92.1, '2025-03-17 08:00:00'),
('CRA-ANTSL1', 12.1, 0.98, 18.7, 1.3, 13.1, 0.7, 88.7, '2025-03-17 08:00:00'),
('BTU-AM1002', 11.9, 0.92, 18.3, 1.1, 12.9, 0.7, 83.4, '2025-03-17 08:00:00'),
('BTU-AM1003', 12.1, 0.94, 18.6, 1.2, 13, 0.75, 86.2, '2025-03-17 08:00:00'),
('CAR-GOS002', 12, 0.9, 18.4, 1.15, 12.9, 0.65, 84.8, '2025-03-17 08:00:00'),
('CAR-GOS003', 12.2, 0.96, 18.8, 1.25, 13.1, 0.8, 87.5, '2025-03-17 08:00:00'),
('CAR-MAN003', 12.3, 0.97, 18.9, 1.3, 13.2, 0.85, 89.1, '2025-03-17 08:00:00'),
('CAR-MAN004', 12.1, 0.93, 18.5, 1.2, 13, 0.7, 85.9, '2025-03-17 08:00:00'),
('BTU-AM1001', 0.105702, 0, 18.5944, 2.32969, 12.9043, 1.51172, 86.446, '2025-03-18 06:00:00'),
('BTU-AMP002', 0.0702728, 0, 19.389, 1.91058, 13.1655, 1.83968, 92.1315, '2025-03-18 06:00:00'),
('CAR-GOS001', 0.0544596, 0, 19.7169, 1.90827, 13.3363, 2.18446, 82.9952, '2025-03-18 06:00:00'),
('CAR-MAN002', 0.0263669, 0, 19.385, 2.10101, 13.2793, 1.56431, 77.406, '2025-03-18 06:00:00'),
('BAR-POBSL1', 0.186186, 0, 19.7722, 2.28587, 13.2614, 1.9129, 78.8072, '2025-03-18 06:00:00'),
('BAR-MAMSL1', 0.163445, 0, 19.7558, 1.95576, 12.9776, 2.05934, 87.3648, '2025-03-18 06:00:00'),
('CRA-CARSL1', 0.0216435, 0, 18.7308, 1.9285, 12.6867, 1.95038, 88.1515, '2025-03-18 06:00:00'),
('CRA-ANTSL1', 0.193879, 0, 19.0265, 1.84319, 13.4557, 2.00218, 91.415, '2025-03-18 06:00:00'),
('BTU-AM1001', 0, 0, 20.3728, 2.79734, 13.6901, 1.8536, 85.4426, '2025-03-18 12:00:00'),
('BTU-AMP002', 0, 0, 20.315, 2.30699, 13.2771, 2.1653, 90.8691, '2025-03-18 12:00:00'),
('CAR-GOS001', 0, 0, 19.6955, 2.49097, 13.2941, 1.89318, 86.7742, '2025-03-18 12:00:00'),
('CAR-MAN002', 0, 0, 20.3696, 2.58806, 13.1919, 2.21653, 94.6462, '2025-03-18 12:00:00'),
('BAR-POBSL1', 0, 0, 19.8319, 2.68041, 13.4038, 2.22397, 86.7199, '2025-03-18 12:00:00'),
('BAR-MAMSL1', 0, 0, 20.0544, 2.72215, 13.0001, 2.42628, 91.3814, '2025-03-18 12:00:00'),
('CRA-CARSL1', 0, 0, 20.2327, 2.59388, 13.3441, 2.0716, 88.7337, '2025-03-18 12:00:00'),
('CRA-ANTSL1', 0, 0, 20.0543, 2.56802, 13.4701, 2.37304, 88.7257, '2025-03-18 12:00:00'),
('BTU-AM1001', 11.8331, 0.93675, 0.148141, 0, 12.0743, -0.326703, 76.974, '2025-03-18 18:00:00'),
('BTU-AMP002', 12.2619, 0.813286, 0.157496, 0, 12.5337, -0.647185, 73.6489, '2025-03-18 18:00:00'),
('CAR-GOS001', 11.9367, 0.701043, 0.130177, 0, 12.8232, -0.742978, 68.2026, '2025-03-18 18:00:00'),
('CAR-MAN002', 12.4651, 0.719039, 0.0332046, 0, 12.2778, -0.320693, 72.837, '2025-03-18 18:00:00'),
('BAR-POBSL1', 12.6468, 0.820938, 0.140955, 0, 12.469, -0.356871, 76.6379, '2025-03-18 18:00:00'),
('BAR-MAMSL1', 11.7127, 0.810897, 0.194876, 0, 12.4407, -0.718255, 60.4437, '2025-03-18 18:00:00'),
('CRA-CARSL1', 11.6638, 0.788938, 0.140566, 0, 12.6261, -0.627453, 84.507, '2025-03-18 18:00:00'),
('CRA-ANTSL1', 12.5274, 0.822982, 0.105777, 0, 12.2492, -0.636981, 71.1539, '2025-03-18 18:00:00'),
('BTU-AM1001', 12.1341, 0.727109, 0.0510067, 0, 12.1048, -0.355745, 77.2401, '2025-03-18 22:00:00'),
('BTU-AMP002', 11.9838, 0.711851, 0.180919, 0, 12.653, -0.450015, 78.5844, '2025-03-18 22:00:00'),
('CAR-GOS001', 12.6706, 0.790095, 0.16498, 0, 11.9156, -0.520889, 79.7207, '2025-03-18 22:00:00'),
('CAR-MAN002', 12.3816, 0.717413, 0.0426332, 0, 12.8548, -0.352482, 61.5263, '2025-03-18 22:00:00'),
('BAR-POBSL1', 12.4275, 0.768908, 0.00405571, 0, 12.4176, -0.38553, 77.2908, '2025-03-18 22:00:00'),
('BAR-MAMSL1', 11.6437, 0.901017, 0.1494, 0, 12.2748, -0.60905, 69.909, '2025-03-18 22:00:00'),
('CRA-CARSL1', 12.6755, 0.786052, 0.0502456, 0, 12.4142, -0.565463, 79.1745, '2025-03-18 22:00:00'),
('CRA-ANTSL1', 12.2003, 0.950086, 0.0212677, 0, 11.8571, -0.598404, 67.7707, '2025-03-18 22:00:00'),
('BTU-AM1001', 11.7891, 0.877302, 0.072427, 0, 12.391, -0.712383, 71.7187, '2025-03-18 02:00:00'),
('BTU-AMP002', 12.5423, 0.830813, 0.00717441, 0, 12.4756, -0.735463, 81.3526, '2025-03-18 02:00:00'),
('CAR-GOS001', 11.965, 0.838592, 0.0113818, 0, 12.479, -0.310356, 84.6898, '2025-03-18 02:00:00'),
('CAR-MAN002', 12.6019, 0.779775, 0.174893, 0, 11.8984, -0.343484, 79.4989, '2025-03-18 02:00:00'),
('BAR-POBSL1', 12.672, 0.705915, 0.149696, 0, 12.3394, -0.336022, 61.1098, '2025-03-18 02:00:00'),
('BAR-MAMSL1', 12.4299, 0.843841, 0.00233059, 0, 12.3729, -0.502549, 72.7965, '2025-03-18 02:00:00'),
('CRA-CARSL1', 12.7763, 0.870012, 0.174877, 0, 12.5241, -0.604559, 69.7717, '2025-03-18 02:00:00'),
('CRA-ANTSL1', 12.2171, 0.858111, 0.0140012, 0, 12.8538, -0.783922, 67.0619, '2025-03-18 02:00:00'),
('BTU-AM1001', 0.111144, 0, 18.2212, 1.88722, 13.2781, 1.64439, 87.0843, '2025-03-19 06:00:00'),
('BTU-AMP002', 0.197942, 0, 18.6393, 1.8171, 13.4309, 1.76449, 93.9247, '2025-03-19 06:00:00'),
('CAR-GOS001', 0.0904571, 0, 19.1252, 2.32626, 13.0939, 1.51829, 79.1946, '2025-03-19 06:00:00'),
('CAR-MAN002', 0.14472, 0, 18.5082, 2.41791, 12.5646, 1.88104, 94.0953, '2025-03-19 06:00:00'),
('BAR-POBSL1', 0.0286956, 0, 19.5694, 2.46602, 12.8843, 1.73294, 81.7794, '2025-03-19 06:00:00'),
('BAR-MAMSL1', 0.157696, 0, 19.084, 2.27418, 13.1656, 1.57405, 81.001, '2025-03-19 06:00:00'),
('CRA-CARSL1', 0.167149, 0, 18.4551, 2.46462, 12.5184, 1.67937, 90.0659, '2025-03-19 06:00:00'),
('CRA-ANTSL1', 0.0960955, 0, 19.0306, 2.25916, 13.3718, 1.61966, 86.7569, '2025-03-19 06:00:00'),
('BTU-AM1001', 0, 0, 19.699, 2.37649, 13.7005, 1.8613, 96.2162, '2025-03-19 12:00:00'),
('BTU-AMP002', 0, 0, 20.3222, 2.32362, 13.3868, 2.03554, 94.7148, '2025-03-19 12:00:00'),
('CAR-GOS001', 0, 0, 20.4126, 2.77519, 13.3883, 2.33827, 97.6556, '2025-03-19 12:00:00'),
('CAR-MAN002', 0, 0, 19.7982, 2.32264, 13.233, 2.2553, 88.7375, '2025-03-19 12:00:00'),
('BAR-POBSL1', 0, 0, 20.4566, 2.33528, 13.5416, 2.09426, 89.6945, '2025-03-19 12:00:00'),
('BAR-MAMSL1', 0, 0, 19.9976, 2.34194, 13.4581, 2.2179, 98.7775, '2025-03-19 12:00:00'),
('CRA-CARSL1', 0, 0, 19.9305, 2.78409, 13.5497, 2.023, 93.2192, '2025-03-19 12:00:00'),
('CRA-ANTSL1', 0, 0, 20.1417, 2.54149, 13.0547, 2.05626, 87.6725, '2025-03-19 12:00:00'),
('BTU-AM1001', 12.7894, 0.797882, 0.170381, 0, 11.8259, -0.421171, 63.4888, '2025-03-19 18:00:00'),
('BTU-AMP002', 12.1127, 0.767953, 0.155392, 0, 12.6168, -0.548854, 65.3696, '2025-03-19 18:00:00'),
('CAR-GOS001', 11.8997, 0.875238, 0.036284, 0, 12.2213, -0.316654, 77.031, '2025-03-19 18:00:00'),
('CAR-MAN002', 12.1734, 0.843232, 0.161147, 0, 12.1029, -0.759591, 82.6945, '2025-03-19 18:00:00'),
('BAR-POBSL1', 11.6689, 0.734834, 0.0206816, 0, 12.3586, -0.647979, 60.9492, '2025-03-19 18:00:00'),
('BAR-MAMSL1', 11.6438, 0.845739, 0.193671, 0, 12.4517, -0.750793, 69.7495, '2025-03-19 18:00:00'),
('CRA-CARSL1', 12.294, 0.834965, 0.0100416, 0, 11.8176, -0.545174, 80.1621, '2025-03-19 18:00:00'),
('CRA-ANTSL1', 11.7146, 0.777484, 0.0817703, 0, 12.4904, -0.440198, 80.8876, '2025-03-19 18:00:00'),
('BTU-AM1001', 11.6938, 0.72134, 0.166756, 0, 12.5975, -0.75948, 60.6163, '2025-03-19 22:00:00'),
('BTU-AMP002', 12.2167, 0.942916, 0.00313062, 0, 12.5846, -0.341415, 83.0966, '2025-03-19 22:00:00'),
('CAR-GOS001', 12.1231, 0.885043, 0.0536838, 0, 12.2269, -0.364661, 81.9199, '2025-03-19 22:00:00'),
('CAR-MAN002', 11.8077, 0.743097, 0.154302, 0, 12.1849, -0.496105, 84.7191, '2025-03-19 22:00:00'),
('BAR-POBSL1', 12.2826, 0.978195, 0.181704, 0, 12.684, -0.377523, 75.9667, '2025-03-19 22:00:00'),
('BAR-MAMSL1', 12.5455, 0.952943, 0.114532, 0, 12.3672, -0.665045, 84.1567, '2025-03-19 22:00:00'),
('CRA-CARSL1', 11.9647, 0.759937, 0.106859, 0, 11.8128, -0.449725, 79.6039, '2025-03-19 22:00:00'),
('CRA-ANTSL1', 11.5254, 0.875641, 0.0293767, 0, 12.0797, -0.772938, 62.1746, '2025-03-19 22:00:00'),
('BTU-AM1001', 11.5535, 0.947632, 0.190012, 0, 12.0422, -0.300365, 60.3965, '2025-03-19 02:00:00'),
('BTU-AMP002', 11.6527, 0.912915, 0.152274, 0, 11.8334, -0.361342, 83.5554, '2025-03-19 02:00:00'),
('CAR-GOS001', 12.3521, 0.747615, 0.141071, 0, 11.9131, -0.528104, 77.6672, '2025-03-19 02:00:00'),
('CAR-MAN002', 12.6572, 0.946381, 0.141189, 0, 12.1553, -0.640696, 77.3301, '2025-03-19 02:00:00'),
('BAR-POBSL1', 11.9159, 0.80085, 0.0669221, 0, 12.5221, -0.631486, 73.6617, '2025-03-19 02:00:00'),
('BAR-MAMSL1', 12.5038, 0.741638, 0.0381157, 0, 12.3402, -0.614297, 79.5494, '2025-03-19 02:00:00'),
('CRA-CARSL1', 11.9123, 0.866799, 0.0322749, 0, 12.8434, -0.566536, 77.3602, '2025-03-19 02:00:00'),
('CRA-ANTSL1', 12.3308, 0.998884, 0.012756, 0, 12.2923, -0.690561, 65.2683, '2025-03-19 02:00:00'),
('BTU-AM1001', 0.092658, 0, 19.1109, 1.94267, 12.7025, 2.00264, 93.7651, '2025-03-20 06:00:00'),
('BTU-AMP002', 0.171648, 0, 19.3983, 1.97788, 13.0974, 1.54412, 80.6422, '2025-03-20 06:00:00'),
('CAR-GOS001', 0.0549173, 0, 18.5223, 2.30948, 12.54, 1.68062, 80.9089, '2025-03-20 06:00:00'),
('CAR-MAN002', 0.0302913, 0, 18.8623, 2.40966, 13.3241, 1.64445, 78.7267, '2025-03-20 06:00:00'),
('BAR-POBSL1', 0.171159, 0, 18.6853, 1.80312, 13.4107, 1.92977, 88.7466, '2025-03-20 06:00:00'),
('BAR-MAMSL1', 0.166782, 0, 19.332, 2.21689, 13.395, 2.03944, 88.9398, '2025-03-20 06:00:00'),
('CRA-CARSL1', 0.081766, 0, 18.5, 2.21131, 13.2261, 1.90406, 89.5765, '2025-03-20 06:00:00'),
('CRA-ANTSL1', 0.197106, 0, 19.6332, 2.08879, 12.6701, 2.08942, 75.6707, '2025-03-20 06:00:00'),
('BTU-AM1001', 0, 0, 20.336, 2.38653, 13.245, 2.17134, 93.8552, '2025-03-20 12:00:00'),
('BTU-AMP002', 0, 0, 20.1403, 2.54764, 13.5733, 2.06872, 86.1591, '2025-03-20 12:00:00'),
('CAR-GOS001', 0, 0, 20.2856, 2.60884, 13.6088, 1.86985, 88.5302, '2025-03-20 12:00:00'),
('CAR-MAN002', 0, 0, 20.1963, 2.3001, 13.0287, 2.33119, 97.217, '2025-03-20 12:00:00'),
('BAR-POBSL1', 0, 0, 20.3835, 2.55061, 13.6232, 2.2289, 91.8188, '2025-03-20 12:00:00'),
('BAR-MAMSL1', 0, 0, 19.8251, 2.38714, 13.1292, 2.47516, 89.9201, '2025-03-20 12:00:00'),
('CRA-CARSL1', 0, 0, 19.82, 2.7518, 13.3982, 2.12033, 86.7432, '2025-03-20 12:00:00'),
('CRA-ANTSL1', 0, 0, 19.5656, 2.40548, 13.0243, 2.36039, 95.4573, '2025-03-20 12:00:00'),
('BTU-AM1001', 12.0613, 0.938451, 0.00566953, 0, 12.0208, -0.432683, 75.9525, '2025-03-20 18:00:00'),
('BTU-AMP002', 12.3777, 0.840282, 0.00559032, 0, 12.6409, -0.513105, 76.0738, '2025-03-20 18:00:00'),
('CAR-GOS001', 12.3301, 0.944252, 0.116163, 0, 11.8713, -0.715712, 71.6425, '2025-03-20 18:00:00'),
('CAR-MAN002', 12.068, 0.87952, 0.0851308, 0, 12.3993, -0.655654, 76.9991, '2025-03-20 18:00:00'),
('BAR-POBSL1', 11.9466, 0.969779, 0.0403608, 0, 12.1264, -0.39823, 63.6679, '2025-03-20 18:00:00'),
('BAR-MAMSL1', 12.7722, 0.882473, 0.105248, 0, 12.0054, -0.500372, 74.192, '2025-03-20 18:00:00'),
('CRA-CARSL1', 12.3216, 0.72382, 0.0601043, 0, 12.3592, -0.536542, 69.1587, '2025-03-20 18:00:00'),
('CRA-ANTSL1', 11.7685, 0.939156, 0.113078, 0, 11.9161, -0.758238, 75.2332, '2025-03-20 18:00:00'),
('BTU-AM1001', 12.3272, 0.990017, 0.0741779, 0, 11.9412, -0.760791, 68.6381, '2025-03-20 22:00:00'),
('BTU-AMP002', 12.4042, 0.988309, 0.144546, 0, 12.0749, -0.591885, 60.8239, '2025-03-20 22:00:00'),
('CAR-GOS001', 12.3586, 0.740494, 0.0789909, 0, 12.0056, -0.646143, 82.9016, '2025-03-20 22:00:00'),
('CAR-MAN002', 12.2445, 0.987757, 0.109573, 0, 11.899, -0.641097, 63.1412, '2025-03-20 22:00:00'),
('BAR-POBSL1', 12.7851, 0.787765, 0.0302781, 0, 12.2121, -0.341406, 76.2331, '2025-03-20 22:00:00'),
('BAR-MAMSL1', 12.3594, 0.915634, 0.116923, 0, 12.1311, -0.330519, 78.6511, '2025-03-20 22:00:00'),
('CRA-CARSL1', 11.9565, 0.709008, 0.014108, 0, 12.8251, -0.724558, 82.9268, '2025-03-20 22:00:00'),
('CRA-ANTSL1', 12.7618, 0.832033, 0.0679319, 0, 12.8259, -0.503412, 79.4373, '2025-03-20 22:00:00'),
('BTU-AM1001', 12.2482, 0.769513, 0.163819, 0, 12.2322, -0.531411, 74.3269, '2025-03-20 02:00:00'),
('BTU-AMP002', 11.6666, 0.945627, 0.111528, 0, 11.8251, -0.315032, 65.7784, '2025-03-20 02:00:00'),
('CAR-GOS001', 11.8406, 0.814869, 0.0180567, 0, 12.8588, -0.552855, 80.6161, '2025-03-20 02:00:00'),
('CAR-MAN002', 12.0377, 0.924669, 0.125763, 0, 12.5144, -0.566266, 60.5542, '2025-03-20 02:00:00'),
('BAR-POBSL1', 11.8392, 0.968927, 0.15734, 0, 11.8479, -0.391976, 64.0476, '2025-03-20 02:00:00'),
('BAR-MAMSL1', 12.0522, 0.798022, 0.0882235, 0, 12.1503, -0.585864, 81.3779, '2025-03-20 02:00:00'),
('CRA-CARSL1', 12.1702, 0.793332, 0.172509, 0, 12.2412, -0.338971, 65.3654, '2025-03-20 02:00:00'),
('CRA-ANTSL1', 12.1724, 0.951415, 0.0883246, 0, 12.8119, -0.336075, 81.0629, '2025-03-20 02:00:00'),
('BTU-AM1001', 0.0173422, 0, 18.6865, 2.22408, 12.8189, 1.64184, 89.6035, '2025-03-21 06:00:00'),
('BTU-AMP002', 0.09299, 0, 18.5027, 2.29562, 13.3545, 1.64077, 76.0892, '2025-03-21 06:00:00'),
('CAR-GOS001', 0.0353634, 0, 18.9197, 2.32222, 12.8534, 1.99311, 78.1842, '2025-03-21 06:00:00'),
('CAR-MAN002', 0.118238, 0, 18.94, 2.10894, 12.8816, 2.04169, 89.6212, '2025-03-21 06:00:00'),
('BAR-POBSL1', 0.0428176, 0, 19.0399, 1.92989, 12.5694, 2.10716, 78.5673, '2025-03-21 06:00:00'),
('BAR-MAMSL1', 0.15645, 0, 19.636, 2.1309, 13.2421, 2.02916, 91.2396, '2025-03-21 06:00:00'),
('CRA-CARSL1', 0.111544, 0, 18.7037, 1.89252, 13.2722, 1.52726, 91.9749, '2025-03-21 06:00:00'),
('CRA-ANTSL1', 0.157899, 0, 19.3813, 2.23532, 12.5585, 2.11684, 86.0081, '2025-03-21 06:00:00'),
('BTU-AM1001', 0, 0, 19.577, 2.57236, 13.6849, 2.03802, 89.5375, '2025-03-21 12:00:00'),
('BTU-AMP002', 0, 0, 19.9918, 2.60444, 13.2496, 2.12629, 89.0588, '2025-03-21 12:00:00'),
('CAR-GOS001', 0, 0, 19.7503, 2.5512, 13.545, 1.80529, 91.0629, '2025-03-21 12:00:00'),
('CAR-MAN002', 0, 0, 19.7698, 2.62311, 13.2122, 2.24751, 92.5176, '2025-03-21 12:00:00'),
('BAR-POBSL1', 0, 0, 20.1318, 2.4658, 13.3908, 1.92843, 98.6334, '2025-03-21 12:00:00'),
('BAR-MAMSL1', 0, 0, 19.8933, 2.66516, 13.2133, 2.18215, 90.3329, '2025-03-21 12:00:00'),
('CRA-CARSL1', 0, 0, 19.9948, 2.40054, 13.6099, 1.81188, 88.2005, '2025-03-21 12:00:00'),
('CRA-ANTSL1', 0, 0, 19.8719, 2.7036, 13.3036, 2.24964, 98.0933, '2025-03-21 12:00:00'),
('BTU-AM1001', 12.3619, 0.911503, 0.195108, 0, 12.4191, -0.578917, 60.73, '2025-03-21 18:00:00'),
('BTU-AMP002', 11.7156, 0.779663, 0.109701, 0, 12.5082, -0.329586, 82.9329, '2025-03-21 18:00:00'),
('CAR-GOS001', 12.7277, 0.966372, 0.173362, 0, 12.8423, -0.36606, 71.7625, '2025-03-21 18:00:00'),
('CAR-MAN002', 11.6933, 0.971819, 0.0611821, 0, 11.8452, -0.449911, 82.7315, '2025-03-21 18:00:00'),
('BAR-POBSL1', 12.3715, 0.793703, 0.134373, 0, 12.0548, -0.74408, 78.4571, '2025-03-21 18:00:00'),
('BAR-MAMSL1', 11.6309, 0.955768, 0.0511206, 0, 12.4783, -0.598438, 73.8032, '2025-03-21 18:00:00'),
('CRA-CARSL1', 11.5981, 0.809144, 0.164506, 0, 12.0161, -0.471168, 70.9097, '2025-03-21 18:00:00'),
('CRA-ANTSL1', 11.6177, 0.710191, 0.024312, 0, 12.6041, -0.676209, 75.6038, '2025-03-21 18:00:00'),
('BTU-AM1001', 12.2576, 0.950815, 0.0152103, 0, 11.8876, -0.713282, 67.9909, '2025-03-21 22:00:00'),
('BTU-AMP002', 11.5814, 0.79755, 0.0769093, 0, 12.1095, -0.738844, 78.5878, '2025-03-21 22:00:00'),
('CAR-GOS001', 12.5217, 0.791223, 0.117345, 0, 12.3117, -0.478068, 72.1676, '2025-03-21 22:00:00'),
('CAR-MAN002', 12.0634, 0.747224, 0.019427, 0, 11.9962, -0.451065, 81.3154, '2025-03-21 22:00:00'),
('BAR-POBSL1', 11.7616, 0.736789, 0.0568269, 0, 11.9428, -0.667208, 68.0678, '2025-03-21 22:00:00'),
('BAR-MAMSL1', 11.5115, 0.714577, 0.171158, 0, 12.7799, -0.3443, 82.866, '2025-03-21 22:00:00'),
('CRA-CARSL1', 12.0419, 0.810141, 0.0621046, 0, 12.2236, -0.390825, 73.886, '2025-03-21 22:00:00'),
('CRA-ANTSL1', 12.4279, 0.714291, 0.0749483, 0, 12.6791, -0.672259, 79.9348, '2025-03-21 22:00:00'),
('BTU-AM1001', 12.1503, 0.755292, 0.186643, 0, 12.7, -0.619751, 76.8571, '2025-03-21 02:00:00'),
('BTU-AMP002', 12.7938, 0.826187, 0.105658, 0, 12.3766, -0.728893, 60.3827, '2025-03-21 02:00:00'),
('CAR-GOS001', 12.7679, 0.88728, 0.176773, 0, 12.0251, -0.381117, 66.6993, '2025-03-21 02:00:00'),
('CAR-MAN002', 12.0441, 0.920902, 0.0352928, 0, 11.9697, -0.642728, 60.343, '2025-03-21 02:00:00'),
('BAR-POBSL1', 12.6594, 0.95881, 0.0652894, 0, 12.03, -0.790677, 83.3485, '2025-03-21 02:00:00'),
('BAR-MAMSL1', 11.7855, 0.832622, 0.121378, 0, 12.5676, -0.675265, 84.2106, '2025-03-21 02:00:00'),
('CRA-CARSL1', 12.0628, 0.913463, 0.0277427, 0, 12.1028, -0.359114, 68.3912, '2025-03-21 02:00:00'),
('CRA-ANTSL1', 12.5769, 0.892866, 0.020821, 0, 11.821, -0.538199, 66.485, '2025-03-21 02:00:00'),
('BTU-AM1001', 0.0335607, 0, 19.3275, 2.19233, 12.9863, 1.96731, 90.4033, '2025-03-22 06:00:00'),
('BTU-AMP002', 0.138658, 0, 18.7571, 1.87302, 13.2798, 2.00083, 81.7488, '2025-03-22 06:00:00'),
('CAR-GOS001', 0.120544, 0, 18.2539, 2.08748, 13.2262, 1.54325, 77.3905, '2025-03-22 06:00:00'),
('CAR-MAN002', 0.00866039, 0, 19.7204, 2.19198, 12.5408, 1.62488, 93.9318, '2025-03-22 06:00:00'),
('BAR-POBSL1', 0.159997, 0, 18.9083, 1.93222, 13.3019, 2.11379, 84.3719, '2025-03-22 06:00:00'),
('BAR-MAMSL1', 0.169187, 0, 19.1581, 2.26615, 12.5535, 1.51311, 83.5324, '2025-03-22 06:00:00'),
('CRA-CARSL1', 0.0773934, 0, 18.4842, 2.10721, 13.0338, 1.53215, 91.6468, '2025-03-22 06:00:00'),
('CRA-ANTSL1', 0.0659275, 0, 19.14, 2.08803, 13.0889, 2.04831, 91.1813, '2025-03-22 06:00:00'),
('BTU-AM1001', 0, 0, 20.0571, 2.53445, 13.2902, 1.92485, 93.2219, '2025-03-22 12:00:00'),
('BTU-AMP002', 0, 0, 20.3162, 2.46883, 13.5303, 2.18572, 85.7669, '2025-03-22 12:00:00'),
('CAR-GOS001', 0, 0, 20.2782, 2.74731, 13.3684, 1.90281, 94.6327, '2025-03-22 12:00:00'),
('CAR-MAN002', 0, 0, 19.9712, 2.59788, 13.1291, 2.43899, 98.0285, '2025-03-22 12:00:00'),
('BAR-POBSL1', 0, 0, 19.665, 2.60973, 13.0276, 2.20009, 93.8199, '2025-03-22 12:00:00'),
('BAR-MAMSL1', 0, 0, 19.6302, 2.51436, 13.2719, 2.20582, 87.2255, '2025-03-22 12:00:00'),
('CRA-CARSL1', 0, 0, 19.8437, 2.65319, 13.7122, 2.22149, 91.9395, '2025-03-22 12:00:00'),
('CRA-ANTSL1', 0, 0, 20.0504, 2.38838, 13.0094, 2.18986, 94.0527, '2025-03-22 12:00:00'),
('BTU-AM1001', 12.0647, 0.728109, 0.0209681, 0, 12.2766, -0.752301, 68.131, '2025-03-22 18:00:00'),
('BTU-AMP002', 12.1214, 0.737417, 0.178102, 0, 12.8259, -0.56146, 84.9441, '2025-03-22 18:00:00'),
('CAR-GOS001', 12.1326, 0.942674, 0.163644, 0, 12.1929, -0.782237, 84.5487, '2025-03-22 18:00:00'),
('CAR-MAN002', 12.1598, 0.945783, 0.105809, 0, 12.4192, -0.546501, 73.0358, '2025-03-22 18:00:00'),
('BAR-POBSL1', 11.9582, 0.998635, 0.0287111, 0, 12.5877, -0.33722, 73.3647, '2025-03-22 18:00:00'),
('BAR-MAMSL1', 12.4686, 0.856744, 0.0417432, 0, 12.8519, -0.416454, 83.0687, '2025-03-22 18:00:00'),
('CRA-CARSL1', 11.6091, 0.9695, 0.0229697, 0, 12.1679, -0.533303, 83.8709, '2025-03-22 18:00:00'),
('CRA-ANTSL1', 12.156, 0.784731, 0.0245884, 0, 11.9123, -0.307846, 66.0815, '2025-03-22 18:00:00'),
('BTU-AM1001', 12.525, 0.886275, 0.166785, 0, 12.6512, -0.661201, 61.6668, '2025-03-22 22:00:00'),
('BTU-AMP002', 12.7149, 0.87417, 0.0739856, 0, 12.387, -0.665146, 82.3853, '2025-03-22 22:00:00'),
('CAR-GOS001', 11.734, 0.912973, 0.0346194, 0, 12.1753, -0.650929, 84.3999, '2025-03-22 22:00:00'),
('CAR-MAN002', 12.0922, 0.953343, 0.0315856, 0, 12.2446, -0.499033, 83.6602, '2025-03-22 22:00:00'),
('BAR-POBSL1', 12.6517, 0.859652, 0.0936448, 0, 12.5675, -0.614936, 60.5499, '2025-03-22 22:00:00'),
('BAR-MAMSL1', 12.2159, 0.907113, 0.16996, 0, 12.4084, -0.674721, 70.1679, '2025-03-22 22:00:00'),
('CRA-CARSL1', 11.8742, 0.735561, 0.161101, 0, 12.0644, -0.390756, 69.7807, '2025-03-22 22:00:00'),
('CRA-ANTSL1', 11.8272, 0.709444, 0.195572, 0, 12.8376, -0.569847, 73.9374, '2025-03-22 22:00:00'),
('BTU-AM1001', 12.1068, 0.977282, 0.154338, 0, 12.1396, -0.50849, 70.385, '2025-03-22 02:00:00'),
('BTU-AMP002', 12.0512, 0.877563, 0.042918, 0, 12.1144, -0.66136, 74.2505, '2025-03-22 02:00:00'),
('CAR-GOS001', 11.5327, 0.73414, 0.0340894, 0, 11.8356, -0.749905, 65.0775, '2025-03-22 02:00:00'),
('CAR-MAN002', 11.9076, 0.929537, 0.198245, 0, 12.8874, -0.7827, 72.2716, '2025-03-22 02:00:00'),
('BAR-POBSL1', 11.9347, 0.807199, 0.00298587, 0, 11.8481, -0.49771, 61.6975, '2025-03-22 02:00:00'),
('BAR-MAMSL1', 12.7438, 0.840976, 0.0433816, 0, 12.6033, -0.385937, 66.9079, '2025-03-22 02:00:00'),
('CRA-CARSL1', 12.7736, 0.780513, 0.0577901, 0, 12.1536, -0.478077, 84.4704, '2025-03-22 02:00:00'),
('CRA-ANTSL1', 12.329, 0.892745, 0.199361, 0, 12.3593, -0.680347, 63.3286, '2025-03-22 02:00:00'),
('BTU-AM1001', 0.0963022, 0, 18.7408, 2.24153, 12.6735, 1.69808, 94.2836, '2025-03-23 06:00:00'),
('BTU-AMP002', 0.161282, 0, 19.1639, 1.9154, 12.6669, 1.72351, 81.3821, '2025-03-23 06:00:00'),
('CAR-GOS001', 0.0935121, 0, 18.6617, 2.3405, 12.7072, 1.65443, 90.5638, '2025-03-23 06:00:00'),
('CAR-MAN002', 0.139258, 0, 18.5456, 2.35559, 13.1365, 2.00821, 92.4837, '2025-03-23 06:00:00'),
('BAR-POBSL1', 0.180282, 0, 18.7398, 2.12603, 13.3814, 1.54072, 84.4307, '2025-03-23 06:00:00'),
('BAR-MAMSL1', 0.143468, 0, 18.5536, 2.17265, 13.181, 2.18774, 90.3724, '2025-03-23 06:00:00'),
('CRA-CARSL1', 0.078669, 0, 18.9843, 2.19305, 13.3702, 1.67774, 77.5473, '2025-03-23 06:00:00'),
('CRA-ANTSL1', 0.175819, 0, 19.2488, 2.22739, 13.42, 2.04491, 89.8263, '2025-03-23 06:00:00'),
('BTU-AM1001', 0, 0, 19.7867, 2.35199, 13.0753, 1.8233, 89.1512, '2025-03-23 12:00:00'),
('BTU-AMP002', 0, 0, 19.96, 2.35289, 13.6588, 2.45543, 90.4488, '2025-03-23 12:00:00'),
('CAR-GOS001', 0, 0, 19.9252, 2.69139, 13.1417, 1.95405, 99.5546, '2025-03-23 12:00:00'),
('CAR-MAN002', 0, 0, 19.5079, 2.50538, 13.2384, 2.24737, 88.9606, '2025-03-23 12:00:00'),
('BAR-POBSL1', 0, 0, 20.3854, 2.66647, 13.2526, 2.28126, 85.144, '2025-03-23 12:00:00'),
('BAR-MAMSL1', 0, 0, 19.8286, 2.60309, 13.6603, 1.93846, 87.8839, '2025-03-23 12:00:00'),
('CRA-CARSL1', 0, 0, 20.2714, 2.39149, 13.498, 1.97407, 94.1565, '2025-03-23 12:00:00'),
('CRA-ANTSL1', 0, 0, 20.198, 2.54569, 13.5873, 1.9575, 93.2599, '2025-03-23 12:00:00'),
('BTU-AM1001', 12.7408, 0.752358, 0.173309, 0, 12.3689, -0.636836, 68.9123, '2025-03-23 18:00:00'),
('BTU-AMP002', 11.5857, 0.854766, 0.0498383, 0, 12.1623, -0.444772, 77.3883, '2025-03-23 18:00:00'),
('CAR-GOS001', 12.1205, 0.7644, 0.0962834, 0, 12.2139, -0.795933, 77.4978, '2025-03-23 18:00:00'),
('CAR-MAN002', 11.7818, 0.908942, 0.177282, 0, 12.8005, -0.725558, 61.924, '2025-03-23 18:00:00'),
('BAR-POBSL1', 11.6529, 0.910965, 0.00507928, 0, 12.338, -0.495136, 60.54, '2025-03-23 18:00:00'),
('BAR-MAMSL1', 11.6519, 0.985973, 0.17305, 0, 12.0534, -0.754249, 78.7835, '2025-03-23 18:00:00'),
('CRA-CARSL1', 11.9365, 0.748178, 0.0917841, 0, 12.2922, -0.657767, 77.6217, '2025-03-23 18:00:00'),
('CRA-ANTSL1', 12.7762, 0.921194, 0.119282, 0, 12.825, -0.338167, 69.2082, '2025-03-23 18:00:00'),
('BTU-AM1001', 12.2546, 0.930751, 0.0222529, 0, 12.302, -0.373636, 66.7292, '2025-03-23 22:00:00'),
('BTU-AMP002', 11.7528, 0.794167, 0.188672, 0, 12.3251, -0.694296, 79.011, '2025-03-23 22:00:00'),
('CAR-GOS001', 12.6889, 0.825022, 0.104143, 0, 12.606, -0.737621, 61.3067, '2025-03-23 22:00:00'),
('CAR-MAN002', 12.7506, 0.997165, 0.056385, 0, 12.0416, -0.420958, 79.5862, '2025-03-23 22:00:00'),
('BAR-POBSL1', 12.6041, 0.867609, 0.119482, 0, 12.218, -0.423444, 72.1783, '2025-03-23 22:00:00'),
('BAR-MAMSL1', 12.4081, 0.738898, 0.175368, 0, 11.9803, -0.531231, 69.5455, '2025-03-23 22:00:00'),
('CRA-CARSL1', 12.0245, 0.861862, 0.137042, 0, 12.0671, -0.507624, 61.5462, '2025-03-23 22:00:00'),
('CRA-ANTSL1', 11.8762, 0.868049, 0.00759872, 0, 12.6191, -0.59497, 75.4936, '2025-03-23 22:00:00'),
('BTU-AM1001', 12.1309, 0.768421, 0.121216, 0, 12.8487, -0.596778, 68.5304, '2025-03-23 02:00:00'),
('BTU-AMP002', 12.078, 0.844123, 0.0837021, 0, 12.8124, -0.466675, 84.9119, '2025-03-23 02:00:00'),
('CAR-GOS001', 11.877, 0.810958, 0.142519, 0, 12.7061, -0.335735, 75.9301, '2025-03-23 02:00:00'),
('CAR-MAN002', 12.6197, 0.787839, 0.161738, 0, 11.9269, -0.413159, 69.6083, '2025-03-23 02:00:00'),
('BAR-POBSL1', 12.3741, 0.851312, 0.191485, 0, 12.1739, -0.651905, 80.3835, '2025-03-23 02:00:00'),
('BAR-MAMSL1', 12.1947, 0.811526, 0.0553051, 0, 12.8449, -0.779543, 67.1714, '2025-03-23 02:00:00'),
('CRA-CARSL1', 11.9285, 0.895353, 0.0666464, 0, 12.3832, -0.759576, 70.8812, '2025-03-23 02:00:00'),
('CRA-ANTSL1', 11.6682, 0.807627, 0.192671, 0, 12.3115, -0.426472, 81.0949, '2025-03-23 02:00:00'),
('BTU-AM1001', 0.0088783, 0, 19.4178, 2.49686, 12.9655, 1.7709, 78.3281, '2025-03-24 06:00:00'),
('BTU-AMP002', 0.0188404, 0, 18.2251, 2.42219, 13.0064, 1.83181, 87.4334, '2025-03-24 06:00:00'),
('CAR-GOS001', 0.0907581, 0, 19.5495, 2.44656, 13.4344, 1.56513, 75.3806, '2025-03-24 06:00:00'),
('CAR-MAN002', 0.0606705, 0, 18.5089, 2.37104, 12.9136, 2.13807, 89.178, '2025-03-24 06:00:00'),
('BAR-POBSL1', 0.0201982, 0, 19.7243, 2.39701, 13.2292, 2.09677, 76.5325, '2025-03-24 06:00:00'),
('BAR-MAMSL1', 0.100715, 0, 19.5224, 1.81532, 13.3502, 1.97771, 84.4132, '2025-03-24 06:00:00'),
('CRA-CARSL1', 0.145045, 0, 18.2059, 2.49331, 13.2855, 1.53657, 79.0089, '2025-03-24 06:00:00'),
('CRA-ANTSL1', 0.127786, 0, 18.856, 1.97453, 13.2877, 2.02713, 85.7737, '2025-03-24 06:00:00'),
('BTU-AM1001', 0, 0, 20.3626, 2.75262, 13.3574, 2.01521, 97.9179, '2025-03-24 12:00:00'),
('BTU-AMP002', 0, 0, 20.0192, 2.66342, 13.1517, 2.32612, 87.9829, '2025-03-24 12:00:00'),
('CAR-GOS001', 0, 0, 19.9483, 2.56201, 13.7199, 2.3217, 85.8168, '2025-03-24 12:00:00'),
('CAR-MAN002', 0, 0, 19.6039, 2.43455, 13.2045, 2.37401, 89.5925, '2025-03-24 12:00:00'),
('BAR-POBSL1', 0, 0, 19.9429, 2.72667, 13.5239, 2.46467, 95.7475, '2025-03-24 12:00:00'),
('BAR-MAMSL1', 0, 0, 19.893, 2.42415, 13.3963, 1.90644, 92.2676, '2025-03-24 12:00:00'),
('CRA-CARSL1', 0, 0, 19.6425, 2.38808, 13.0692, 2.26049, 99.7829, '2025-03-24 12:00:00'),
('CRA-ANTSL1', 0, 0, 20.1767, 2.5052, 13.0844, 2.37787, 86.3621, '2025-03-24 12:00:00'),
('BTU-AM1001', 12.3863, 0.962614, 0.0165884, 0, 12.265, -0.525708, 66.7361, '2025-03-24 18:00:00'),
('BTU-AMP002', 12.533, 0.970689, 0.146874, 0, 12.4539, -0.350221, 68.7812, '2025-03-24 18:00:00'),
('CAR-GOS001', 12.3612, 0.711306, 0.0552869, 0, 12.0881, -0.637543, 83.2879, '2025-03-24 18:00:00'),
('CAR-MAN002', 12.2368, 0.932247, 0.107136, 0, 12.5317, -0.342027, 61.6499, '2025-03-24 18:00:00'),
('BAR-POBSL1', 11.6415, 0.886742, 0.0398711, 0, 12.2086, -0.505014, 76.4687, '2025-03-24 18:00:00'),
('BAR-MAMSL1', 11.9127, 0.906922, 0.0693374, 0, 12.8094, -0.418194, 79.8637, '2025-03-24 18:00:00'),
('CRA-CARSL1', 11.6191, 0.77052, 0.124482, 0, 12.5064, -0.780375, 84.9042, '2025-03-24 18:00:00'),
('CRA-ANTSL1', 11.6719, 0.930936, 0.0101251, 0, 12.8442, -0.427011, 83.4704, '2025-03-24 18:00:00'),
('BTU-AM1001', 12.3585, 0.874907, 0.119738, 0, 12.6768, -0.546396, 83.8558, '2025-03-24 22:00:00'),
('BTU-AMP002', 12.5945, 0.737895, 0.135084, 0, 11.9717, -0.691672, 65.9512, '2025-03-24 22:00:00'),
('CAR-GOS001', 12.1646, 0.745113, 0.0189905, 0, 12.1471, -0.526202, 84.9849, '2025-03-24 22:00:00'),
('CAR-MAN002', 12.5756, 0.959506, 0.140387, 0, 12.7343, -0.507525, 74.7792, '2025-03-24 22:00:00'),
('BAR-POBSL1', 11.8319, 0.927478, 0.192497, 0, 12.8255, -0.513473, 66.8738, '2025-03-24 22:00:00'),
('BAR-MAMSL1', 12.0694, 0.740657, 0.0520588, 0, 12.2066, -0.583082, 83.6725, '2025-03-24 22:00:00'),
('CRA-CARSL1', 11.6101, 0.8714, 0.0818024, 0, 12.1459, -0.527344, 84.8363, '2025-03-24 22:00:00'),
('CRA-ANTSL1', 12.6179, 0.982934, 0.120425, 0, 12.7495, -0.388891, 66.0271, '2025-03-24 22:00:00'),
('BTU-AM1001', 12.003, 0.962192, 0.195728, 0, 12.7463, -0.354857, 79.4161, '2025-03-24 02:00:00'),
('BTU-AMP002', 11.8952, 0.811072, 0.00420813, 0, 11.941, -0.69934, 71.2676, '2025-03-24 02:00:00'),
('CAR-GOS001', 12.2623, 0.72331, 0.180923, 0, 12.8766, -0.381918, 77.5011, '2025-03-24 02:00:00'),
('CAR-MAN002', 11.8244, 0.808237, 0.000901879, 0, 12.4892, -0.310605, 71.8254, '2025-03-24 02:00:00'),
('BAR-POBSL1', 12.2985, 0.755153, 0.0455691, 0, 12.8228, -0.404567, 70.9941, '2025-03-24 02:00:00'),
('BAR-MAMSL1', 12.7808, 0.836999, 0.0296314, 0, 12.4604, -0.409437, 65.3802, '2025-03-24 02:00:00'),
('CRA-CARSL1', 11.6668, 0.87211, 0.0489753, 0, 12.6685, -0.549079, 64.97, '2025-03-24 02:00:00'),
('CRA-ANTSL1', 11.9139, 0.835377, 0.0590197, 0, 12.2063, -0.767659, 65.2196, '2025-03-24 02:00:00'),
('BTU-AM1001', 0.110966, 0, 19.3529, 2.42036, 13.2368, 1.74384, 77.0528, '2025-03-25 06:00:00'),
('BTU-AMP002', 0.174402, 0, 18.4047, 2.32465, 13.2767, 1.52663, 81.4235, '2025-03-25 06:00:00'),
('CAR-GOS001', 0.137963, 0, 19.7798, 2.04666, 12.9094, 1.58299, 77.5136, '2025-03-25 06:00:00'),
('CAR-MAN002', 0.157825, 0, 18.5923, 2.49574, 13.0094, 1.56135, 90.2215, '2025-03-25 06:00:00'),
('BAR-POBSL1', 0.0593022, 0, 18.3275, 2.32882, 13.0784, 1.66811, 79.0025, '2025-03-25 06:00:00'),
('BAR-MAMSL1', 0.0070843, 0, 18.8825, 2.3448, 13.436, 1.54769, 78.2774, '2025-03-25 06:00:00'),
('CRA-CARSL1', 0.0613404, 0, 18.2937, 2.23172, 13.436, 2.10001, 75.7298, '2025-03-25 06:00:00'),
('CRA-ANTSL1', 0.0630795, 0, 19.7311, 2.32978, 13.488, 1.71744, 90.0424, '2025-03-25 06:00:00'),
('BTU-AM1001', 0, 0, 19.5555, 2.64489, 13.4164, 2.44344, 89.4393, '2025-03-25 12:00:00'),
('BTU-AMP002', 0, 0, 19.6216, 2.69574, 13.2444, 1.90676, 90.1842, '2025-03-25 12:00:00'),
('CAR-GOS001', 0, 0, 19.7724, 2.55996, 13.4197, 2.23754, 92.4527, '2025-03-25 12:00:00'),
('CAR-MAN002', 0, 0, 20.3396, 2.56335, 13.7305, 2.09764, 85.29, '2025-03-25 12:00:00'),
('BAR-POBSL1', 0, 0, 20.3158, 2.39776, 13.0434, 2.44782, 88.4666, '2025-03-25 12:00:00'),
('BAR-MAMSL1', 0, 0, 20.3896, 2.79742, 13.3776, 1.80991, 89.9812, '2025-03-25 12:00:00'),
('CRA-CARSL1', 0, 0, 19.8065, 2.55629, 13.7323, 1.85185, 85.4985, '2025-03-25 12:00:00'),
('CRA-ANTSL1', 0, 0, 19.8509, 2.62468, 13.0662, 1.97787, 85.5261, '2025-03-25 12:00:00'),
('BTU-AM1001', 11.8383, 0.875043, 0.185713, 0, 12.2364, -0.682208, 77.2777, '2025-03-25 18:00:00'),
('BTU-AMP002', 12.4505, 0.842671, 0.198006, 0, 12.2696, -0.349138, 70.7104, '2025-03-25 18:00:00'),
('CAR-GOS001', 11.8793, 0.938381, 0.111144, 0, 12.4961, -0.719194, 70.1774, '2025-03-25 18:00:00'),
('CAR-MAN002', 12.026, 0.820076, 0.145622, 0, 12.4028, -0.781964, 82.5782, '2025-03-25 18:00:00'),
('BAR-POBSL1', 12.0302, 0.811278, 0.0475037, 0, 12.2924, -0.548537, 65.8148, '2025-03-25 18:00:00'),
('BAR-MAMSL1', 12.3722, 0.764445, 0.127517, 0, 12.5962, -0.610355, 69.4553, '2025-03-25 18:00:00'),
('CRA-CARSL1', 12.4751, 0.844274, 0.0799868, 0, 12.6131, -0.657306, 81.2857, '2025-03-25 18:00:00'),
('CRA-ANTSL1', 12.7676, 0.780635, 0.142225, 0, 12.653, -0.459685, 72.1613, '2025-03-25 18:00:00'),
('BTU-AM1001', 12.2151, 0.945186, 0.102926, 0, 12.1792, -0.490241, 69.6816, '2025-03-25 22:00:00'),
('BTU-AMP002', 11.7618, 0.915641, 0.192341, 0, 12.3388, -0.364077, 82.7428, '2025-03-25 22:00:00'),
('CAR-GOS001', 11.8589, 0.723195, 0.165207, 0, 12.2861, -0.384641, 72.9492, '2025-03-25 22:00:00'),
('CAR-MAN002', 12.1365, 0.711177, 0.167134, 0, 12.8568, -0.406446, 68.3669, '2025-03-25 22:00:00'),
('BAR-POBSL1', 12.437, 0.935987, 0.0678552, 0, 12.6041, -0.712308, 73.6948, '2025-03-25 22:00:00'),
('BAR-MAMSL1', 12.5176, 0.933584, 0.0166583, 0, 12.7969, -0.339612, 74.2891, '2025-03-25 22:00:00'),
('CRA-CARSL1', 12.2873, 0.756908, 0.0322383, 0, 12.5953, -0.631943, 66.0492, '2025-03-25 22:00:00'),
('CRA-ANTSL1', 12.3377, 0.788283, 0.104747, 0, 12.3909, -0.745683, 65.7955, '2025-03-25 22:00:00'),
('BTU-AM1001', 12.5716, 0.744365, 0.00746344, 0, 12.2507, -0.666741, 66.3549, '2025-03-25 02:00:00'),
('BTU-AMP002', 12.0491, 0.839849, 0.1399, 0, 12.1719, -0.701021, 79.0223, '2025-03-25 02:00:00'),
('CAR-GOS001', 11.9433, 0.788323, 0.0624912, 0, 12.1255, -0.469469, 72.365, '2025-03-25 02:00:00'),
('CAR-MAN002', 11.5353, 0.952489, 0.194614, 0, 12.606, -0.527982, 66.3377, '2025-03-25 02:00:00'),
('BAR-POBSL1', 11.6431, 0.889816, 0.0524255, 0, 12.1495, -0.56251, 74.625, '2025-03-25 02:00:00'),
('BAR-MAMSL1', 11.8943, 0.789208, 0.123854, 0, 12.4792, -0.32026, 66.2108, '2025-03-25 02:00:00'),
('CRA-CARSL1', 12.676, 0.953409, 0.127634, 0, 12.8426, -0.644349, 75.5512, '2025-03-25 02:00:00'),
('CRA-ANTSL1', 11.7545, 0.758579, 0.00122223, 0, 12.3131, -0.534118, 78.6659, '2025-03-25 02:00:00'),
('BTU-AM1001', 0.152198, 0, 18.2786, 2.39775, 12.7718, 1.55361, 93.3599, '2025-03-26 06:00:00'),
('BTU-AMP002', 0.00828294, 0, 18.2743, 1.95673, 12.6762, 2.033, 85.4333, '2025-03-26 06:00:00'),
('CAR-GOS001', 0.194454, 0, 19.0124, 2.00144, 12.6048, 2.05397, 75.5885, '2025-03-26 06:00:00'),
('CAR-MAN002', 0.129715, 0, 18.8589, 2.298, 13.3315, 2.17562, 79.9001, '2025-03-26 06:00:00'),
('BAR-POBSL1', 0.0934495, 0, 19.0752, 2.30526, 13.479, 1.87261, 85.9408, '2025-03-26 06:00:00'),
('BAR-MAMSL1', 0.015238, 0, 18.3027, 2.04047, 13.0181, 2.19944, 84.5512, '2025-03-26 06:00:00'),
('CRA-CARSL1', 0.0948043, 0, 19.4362, 2.26979, 12.9347, 1.62496, 86.2237, '2025-03-26 06:00:00'),
('CRA-ANTSL1', 0.0125224, 0, 19.6985, 2.0777, 13.3436, 1.70605, 78.4736, '2025-03-26 06:00:00'),
('BTU-AM1001', 0, 0, 19.5407, 2.30801, 13.2473, 2.31723, 93.3982, '2025-03-26 12:00:00'),
('BTU-AMP002', 0, 0, 20.0468, 2.3665, 13.4549, 2.13636, 97.0134, '2025-03-26 12:00:00'),
('CAR-GOS001', 0, 0, 20.2637, 2.50513, 13.079, 1.85485, 97.8909, '2025-03-26 12:00:00'),
('CAR-MAN002', 0, 0, 20.0279, 2.75984, 13.1847, 2.08401, 98.3577, '2025-03-26 12:00:00'),
('BAR-POBSL1', 0, 0, 20.3336, 2.47186, 13.703, 1.86868, 85.5297, '2025-03-26 12:00:00'),
('BAR-MAMSL1', 0, 0, 19.5965, 2.60252, 13.3941, 2.20633, 97.9712, '2025-03-26 12:00:00'),
('CRA-CARSL1', 0, 0, 19.7586, 2.48671, 13.1564, 2.39583, 88.481, '2025-03-26 12:00:00'),
('CRA-ANTSL1', 0, 0, 19.5196, 2.33562, 13.4792, 1.93927, 95.4271, '2025-03-26 12:00:00'),
('BTU-AM1001', 12.5041, 0.875025, 0.106503, 0, 12.1927, -0.659036, 75.7921, '2025-03-26 18:00:00'),
('BTU-AMP002', 11.9823, 0.788245, 0.0959909, 0, 12.0647, -0.675176, 79.6225, '2025-03-26 18:00:00'),
('CAR-GOS001', 11.7031, 0.888257, 0.0124301, 0, 11.8744, -0.381319, 71.8718, '2025-03-26 18:00:00'),
('CAR-MAN002', 11.7807, 0.746276, 0.113498, 0, 12.8876, -0.372003, 78.6125, '2025-03-26 18:00:00'),
('BAR-POBSL1', 12.2187, 0.88973, 0.158484, 0, 12.2983, -0.646098, 62.26, '2025-03-26 18:00:00'),
('BAR-MAMSL1', 12.378, 0.726535, 0.1474, 0, 12.6965, -0.314226, 74.4339, '2025-03-26 18:00:00'),
('CRA-CARSL1', 11.7495, 0.957568, 0.0894938, 0, 12.4075, -0.597256, 66.8751, '2025-03-26 18:00:00'),
('CRA-ANTSL1', 12.6253, 0.781877, 0.0580097, 0, 12.6932, -0.585156, 69.1463, '2025-03-26 18:00:00'),
('BTU-AM1001', 11.6113, 0.705272, 0.0912924, 0, 12.3228, -0.458625, 78.4531, '2025-03-26 22:00:00'),
('BTU-AMP002', 11.8832, 0.934627, 0.0730932, 0, 12.7398, -0.306308, 78.201, '2025-03-26 22:00:00'),
('CAR-GOS001', 11.6901, 0.968485, 0.024636, 0, 11.8664, -0.765824, 69.5189, '2025-03-26 22:00:00'),
('CAR-MAN002', 12.2567, 0.936672, 0.152385, 0, 12.6832, -0.335269, 77.8137, '2025-03-26 22:00:00'),
('BAR-POBSL1', 11.5148, 0.806124, 0.140168, 0, 12.8747, -0.561547, 62.9778, '2025-03-26 22:00:00'),
('BAR-MAMSL1', 12.4933, 0.757462, 0.131967, 0, 12.4734, -0.563644, 68.4795, '2025-03-26 22:00:00'),
('CRA-CARSL1', 11.6555, 0.746814, 0.00887907, 0, 12.6254, -0.488363, 78.0038, '2025-03-26 22:00:00'),
('CRA-ANTSL1', 11.8121, 0.789706, 0.0978099, 0, 12.0907, -0.731255, 68.2371, '2025-03-26 22:00:00'),
('BTU-AM1001', 11.6079, 0.747029, 0.166378, 0, 11.8071, -0.793772, 66.9201, '2025-03-26 02:00:00'),
('BTU-AMP002', 12.7436, 0.770624, 0.0743188, 0, 12.5802, -0.776806, 65.5228, '2025-03-26 02:00:00'),
('CAR-GOS001', 12.6567, 0.723071, 0.18556, 0, 12.0502, -0.68972, 65.4804, '2025-03-26 02:00:00'),
('CAR-MAN002', 11.8588, 0.784424, 0.0845456, 0, 12.7821, -0.417269, 71.4559, '2025-03-26 02:00:00'),
('BAR-POBSL1', 12.7555, 0.928157, 0.199749, 0, 12.5606, -0.594854, 63.827, '2025-03-26 02:00:00'),
('BAR-MAMSL1', 11.5862, 0.796525, 0.195006, 0, 12.2202, -0.375302, 61.433, '2025-03-26 02:00:00'),
('CRA-CARSL1', 12.6429, 0.780016, 0.0737738, 0, 12.3682, -0.450004, 73.4349, '2025-03-26 02:00:00'),
('CRA-ANTSL1', 11.9112, 0.756211, 0.0331791, 0, 12.0182, -0.448015, 84.6152, '2025-03-26 02:00:00'),
('BTU-AM1001', 0.142153, 0, 18.8243, 2.36611, 12.651, 1.67557, 93.0998, '2025-03-27 06:00:00'),
('BTU-AMP002', 0.168748, 0, 18.6124, 2.15607, 12.7362, 2.17853, 91.702, '2025-03-27 06:00:00'),
('CAR-GOS001', 0.103027, 0, 19.1371, 2.11868, 12.8258, 1.92616, 80.5501, '2025-03-27 06:00:00'),
('CAR-MAN002', 0.0822567, 0, 18.9804, 1.80123, 12.7668, 2.07575, 80.5449, '2025-03-27 06:00:00'),
('BAR-POBSL1', 0.0142461, 0, 18.9805, 2.12191, 12.5739, 1.63667, 82.1065, '2025-03-27 06:00:00'),
('BAR-MAMSL1', 0.143761, 0, 18.4117, 1.99001, 12.5798, 1.69191, 88.623, '2025-03-27 06:00:00'),
('CRA-CARSL1', 0.035779, 0, 18.9551, 1.84284, 12.5735, 2.05306, 75.9797, '2025-03-27 06:00:00'),
('CRA-ANTSL1', 0.197195, 0, 19.7361, 2.02802, 13.0244, 2.16794, 88.8812, '2025-03-27 06:00:00'),
('BTU-AM1001', 0, 0, 19.9834, 2.31825, 13.4427, 2.24887, 89.0601, '2025-03-27 12:00:00'),
('BTU-AMP002', 0, 0, 19.8559, 2.65537, 13.1367, 2.23499, 95.629, '2025-03-27 12:00:00'),
('CAR-GOS001', 0, 0, 19.5481, 2.79918, 13.3304, 2.1113, 97.6171, '2025-03-27 12:00:00'),
('CAR-MAN002', 0, 0, 19.7922, 2.40188, 13.1043, 2.04868, 89.8021, '2025-03-27 12:00:00'),
('BAR-POBSL1', 0, 0, 19.6627, 2.67101, 13.3684, 2.27714, 95.7196, '2025-03-27 12:00:00'),
('BAR-MAMSL1', 0, 0, 19.6969, 2.44413, 13.5689, 2.31908, 86.988, '2025-03-27 12:00:00'),
('CRA-CARSL1', 0, 0, 19.8857, 2.45594, 13.4728, 2.49887, 90.239, '2025-03-27 12:00:00'),
('CRA-ANTSL1', 0, 0, 19.5599, 2.75675, 13.4277, 2.19173, 90.4405, '2025-03-27 12:00:00'),
('BTU-AM1001', 12.4828, 0.958583, 0.115725, 0, 12.3136, -0.533598, 62.6619, '2025-03-27 18:00:00'),
('BTU-AMP002', 11.9547, 0.834523, 0.0153686, 0, 11.8908, -0.635931, 62.5411, '2025-03-27 18:00:00'),
('CAR-GOS001', 12.198, 0.712815, 0.0244437, 0, 12.8964, -0.439461, 82.3519, '2025-03-27 18:00:00'),
('CAR-MAN002', 12.1262, 0.919277, 0.131371, 0, 11.878, -0.775274, 72.6538, '2025-03-27 18:00:00'),
('BAR-POBSL1', 11.9977, 0.867502, 0.0386084, 0, 12.7025, -0.557803, 72.2403, '2025-03-27 18:00:00'),
('BAR-MAMSL1', 12.3024, 0.896759, 0.198806, 0, 12.4893, -0.565185, 84.3462, '2025-03-27 18:00:00'),
('CRA-CARSL1', 12.6684, 0.985999, 0.157974, 0, 12.4957, -0.545074, 60.5466, '2025-03-27 18:00:00'),
('CRA-ANTSL1', 12.2314, 0.850517, 0.0175802, 0, 12.0955, -0.341562, 64.9219, '2025-03-27 18:00:00'),
('BTU-AM1001', 11.664, 0.957039, 0.0773388, 0, 12.2765, -0.449666, 78.731, '2025-03-27 22:00:00'),
('BTU-AMP002', 12.7801, 0.850528, 0.197458, 0, 11.8032, -0.578314, 66.5156, '2025-03-27 22:00:00'),
('CAR-GOS001', 12.7571, 0.807333, 0.0564184, 0, 12.8895, -0.551579, 70.6148, '2025-03-27 22:00:00'),
('CAR-MAN002', 12.6266, 0.848918, 0.0895577, 0, 12.4941, -0.534075, 70.3749, '2025-03-27 22:00:00'),
('BAR-POBSL1', 11.7339, 0.726118, 0.0965263, 0, 12.3995, -0.409331, 61.2749, '2025-03-27 22:00:00'),
('BAR-MAMSL1', 11.6863, 0.745102, 0.0536473, 0, 11.9655, -0.711418, 67.6929, '2025-03-27 22:00:00'),
('CRA-CARSL1', 12.1926, 0.869433, 0.160439, 0, 12.0484, -0.559347, 79.1049, '2025-03-27 22:00:00'),
('CRA-ANTSL1', 12.6648, 0.76907, 0.141672, 0, 12.7226, -0.408258, 64.4324, '2025-03-27 22:00:00'),
('BTU-AM1001', 11.8456, 0.886035, 0.082384, 0, 12.8232, -0.330082, 73.3776, '2025-03-27 02:00:00'),
('BTU-AMP002', 11.5993, 0.837239, 0.0014967, 0, 12.3697, -0.599905, 78.5413, '2025-03-27 02:00:00'),
('CAR-GOS001', 11.7993, 0.756064, 0.132931, 0, 12.7878, -0.428863, 60.182, '2025-03-27 02:00:00'),
('CAR-MAN002', 12.34, 0.797182, 0.12402, 0, 12.7493, -0.710174, 64.3969, '2025-03-27 02:00:00'),
('BAR-POBSL1', 11.6941, 0.72655, 0.195121, 0, 12.278, -0.684696, 69.1583, '2025-03-27 02:00:00'),
('BAR-MAMSL1', 11.5061, 0.828098, 0.0902361, 0, 12.6375, -0.443171, 81.0804, '2025-03-27 02:00:00'),
('CRA-CARSL1', 12.2779, 0.845985, 0.190734, 0, 12.6854, -0.596754, 71.6173, '2025-03-27 02:00:00'),
('CRA-ANTSL1', 11.6942, 0.916934, 0.0680992, 0, 11.9666, -0.684329, 78.704, '2025-03-27 02:00:00');

-- --------------------------------------------------------

--
-- Table structure for table `users`
--

CREATE TABLE `users` (
  `id` int NOT NULL,
  `username` varchar(50) NOT NULL,
  `password` varchar(255) NOT NULL,
  `created_at` timestamp NULL DEFAULT CURRENT_TIMESTAMP
) ENGINE=InnoDB DEFAULT CHARSET=utf8mb4 COLLATE=utf8mb4_0900_ai_ci;

--
-- Dumping data for table `users`
--

INSERT INTO `users` (`id`, `username`, `password`, `created_at`) VALUES
(1, 'allen', '$2y$10$xTyt8WxCBpc/1UEQL.wWhuhKVeUVQSjRch4N8HGipaWgKqYfq2kPO', '2025-03-19 02:26:31');

--
-- Indexes for dumped tables
--

--
-- Indexes for table `barangay`
--
ALTER TABLE `barangay`
  ADD PRIMARY KEY (`barangay_code`),
  ADD KEY `municipality_code` (`municipality_code`);

--
-- Indexes for table `municipality`
--
ALTER TABLE `municipality`
  ADD PRIMARY KEY (`municipality_code`),
  ADD KEY `province_code` (`province_code`);

--
-- Indexes for table `province`
--
ALTER TABLE `province`
  ADD PRIMARY KEY (`province_code`);

--
-- Indexes for table `users`
--
ALTER TABLE `users`
  ADD PRIMARY KEY (`id`),
  ADD UNIQUE KEY `username` (`username`);

--
-- AUTO_INCREMENT for dumped tables
--

--
-- AUTO_INCREMENT for table `users`
--
ALTER TABLE `users`
  MODIFY `id` int NOT NULL AUTO_INCREMENT, AUTO_INCREMENT=2;

--
-- Constraints for dumped tables
--

--
-- Constraints for table `barangay`
--
ALTER TABLE `barangay`
  ADD CONSTRAINT `barangay_ibfk_1` FOREIGN KEY (`municipality_code`) REFERENCES `municipality` (`municipality_code`);

--
-- Constraints for table `municipality`
--
ALTER TABLE `municipality`
  ADD CONSTRAINT `municipality_ibfk_1` FOREIGN KEY (`province_code`) REFERENCES `province` (`province_code`);
COMMIT;

/*!40101 SET CHARACTER_SET_CLIENT=@OLD_CHARACTER_SET_CLIENT */;
/*!40101 SET CHARACTER_SET_RESULTS=@OLD_CHARACTER_SET_RESULTS */;
/*!40101 SET COLLATION_CONNECTION=@OLD_COLLATION_CONNECTION */;
